company,name,type,date_open,date_close,year_open,year_close,date_precision,lifespan_years,status,description,link,source
Google,Google Earth Pro,app,2001-06-10,2027-06-25,2001,2027,day,26.0,scheduled,Google Earth Pro was a desktop app that gave users access to Google Earth with more advanced features.,https://www.theverge.com/tech/962479/get-google-earth-pro-while-you-still-can,killedbygoogle.com
Google,Firebase Studio,app,2024-05-15,2027-03-22,2024,2027,day,2.9,scheduled,"Firebase Studio is an agentic, cloud-based development environment that gives you powerful tools and AI agents directly in your browser.",https://firebase.google.com/docs/studio/migrating-project,killedbygoogle.com
Microsoft,Office Online Server,service,2016-04-01,2026-12-31,2016,2026,day,10.7,scheduled,Office Online Server was an on-premise version of browser-based Office applications hosted on companies proprietary clouds rather than Microsoft's.,https://en.wikipedia.org/wiki/Microsoft_Office#Office_for_the_web,killedbymicrosoft.info
Microsoft,Microsoft Publisher,app,1991-01-01,2026-10-13,1991,2026,day,35.8,scheduled,Microsoft Publisher was a desktop publishing application focusing on page layout and graphic design rather than text composition and proofreading.,https://en.wikipedia.org/wiki/Microsoft_Publisher,killedbymicrosoft.info
Microsoft,Teams Live Chat,service,2025-02-01,2026-10-05,2025,2026,day,1.7,scheduled,Teams Live Chat was a website chat widget that allowed businesses to connect with website visitors and route incoming conversations directly into Microsoft Teams.,https://www.microsoft.com/en-us/microsoft-365/blog/2025/03/17/new-live-chat-in-microsoft-teams-connecting-customers-and-businesses-effortlessly/,killedbymicrosoft.info
Microsoft,GitHub Classroom,service,2015-09-22,2026-08-26,2015,2026,day,10.9,dead,"GitHub Classroom was a free tool designed to help educators using GitHub distribute coding assignments, provide automated feedback, and manage coursework using GitHub repositories.",https://en.wikipedia.org/wiki/GitHub_Codespaces#GitHub_Classroom,killedbymicrosoft.info
Microsoft,Microsoft Whiteboard,app,2018-07-12,2026-08-22,2018,2026,day,8.1,dead,"Microsoft Whiteboard was a free multi-platform application, as well as an online service and a feature in Microsoft Teams, which simulates a virtual whiteboard and enables real-time collaboration between users.",https://en.wikipedia.org/wiki/Microsoft_Whiteboard,killedbymicrosoft.info
Google,Tenor API,service,2015-06-26,2026-06-30,2015,2026,day,11.0,dead,Tenor API was used for searching up and sharing GIFs in Tenor's database on other websites (notably Discord).,https://en.wikipedia.org/wiki/Tenor_(website),killedbygoogle.com
Microsoft,3D Viewer,app,2016-03-11,2026-06-30,2016,2026,day,10.3,dead,"3D Viewer (formerly Mixed Reality Viewer and before that, View 3D) was a 3D computer graphics viewer and augmented reality application that was first included in Windows 10 1703.",https://en.wikipedia.org/wiki/Microsoft_3D_Viewer,killedbymicrosoft.info
Google,Pixel Studio,app,2024-08-13,2026-06-05,2024,2026,day,1.8,dead,Pixel Studio allowed users to quickly generate AI images using a prompt and provided a library of past generative images.,https://9to5google.com/2026/06/05/google-shuts-down-pixel-studio-with-the-latest-app-update/,killedbygoogle.com
Google,Doppl,app,2025-06-26,2026-04-30,2025,2026,day,0.8,dead,"Doppl was an early experimental AI app launched by Google Labs in June 2025 to create a ""digital twin"" or virtual model of yourself for trying on outfits.",https://labs.google/doppl,killedbygoogle.com
Microsoft,.NET Interactive,app,2017-09-21,2026-04-24,2017,2026,day,8.6,dead,".NET Interactive was an engine and an API that allows to run, test, and edit code interactively, often combined with notebook technologies such as Jupyter.",https://devblogs.microsoft.com/dotnet/net-interactive-is-here-net-notebooks-preview-2/,killedbymicrosoft.info
Microsoft,Polyglot Notebooks,app,2020-05-16,2026-03-27,2020,2026,day,5.9,dead,Polyglot Notebooks was an extension which brought support for multi-language (Jupyter) notebooks to Visual Studio Code.,https://marketplace.visualstudio.com/items?itemName=ms-dotnettools.dotnet-interactive-vscode,killedbymicrosoft.info
Microsoft,Azure Data Studio,app,2017-12-16,2026-02-28,2017,2026,day,8.2,dead,Azure Data Studio was a data management and development tool with connectivity to popular cloud and on-premises databases.,https://learn.microsoft.com/en-us/sql/tools/whats-happening-azure-data-studio,killedbymicrosoft.info
Google,Dark Web Reports,service,2023-03-08,2026-01-15,2023,2026,day,2.9,dead,Dark Web Reports was a dark web scanner that searched for personal info leaks.,https://support.google.com/websearch/answer/16767242,killedbygoogle.com
Microsoft,Microsoft Lens,app,2014-03-17,2026-01-09,2014,2026,day,11.8,dead,"Microsoft Lens (formerly Microsoft Office Lens) was a OneNote companion app designed to capture, scan and enhance images of whiteboards and printed documents and store them in various formats.",https://en.wikipedia.org/wiki/Microsoft_mobile_services#Microsoft_Lens,killedbymicrosoft.info
Google,Steam for Chromebooks,app,2022-11-01,2026-01-01,2022,2026,day,3.2,dead,Steam for Chromebooks is an beta initiative that allowed users to install and run PC games via the Steam client.,https://9to5google.com/2025/08/07/steam-chromebook-2026/,killedbygoogle.com
Apple,Mac Pro,"mac, hardware",,,2006,2026,year,20,dead,"Apple's tower workstation line for professionals who needed maximum expansion and maximum invoices. After years of shrinking relevance beside Mac Studio, Apple finally discontinued the line entirely.",,killedbyapple.theden.sh
Microsoft,Viva Goals,app,2022-08-01,2025-12-31,2022,2025,day,3.4,dead,"Viva Goals was a goal-setting and management solution that uses the OKR (Objectives and Key Results) framework, derived from the acquisition of Ally.io.",https://www.essential.co.uk/blog/articles/microsoft-viva-goals-alternative,killedbymicrosoft.info
Google,Tables by A120,service,2020-03-05,2025-12-16,2020,2025,day,5.8,dead,"Tables was a collaborative database platform and competitor to Airtable, focused on making project tracking more efficient with automation.",https://en.wikipedia.org/wiki/Tables_(Google),killedbygoogle.com
Microsoft,Skype for Business,service,2007-10-27,2025-10-14,2007,2025,day,18.0,dead,Skype for Business (formerly Microsoft Lync and Office Communicator) was an enterprise instant messaging software developed by Microsoft as part of the Microsoft Office suite.,https://en.wikipedia.org/wiki/Skype_for_Business,killedbymicrosoft.info
Microsoft,Outlook Lite,app,2022-08-04,2025-10-06,2022,2025,day,3.2,dead,"Outlook Lite was a smaller, lighter version of Outlook Mobile, having multi-account, calendar, and SMS support in a relatively tiny footprint and no Copilot.",https://www.windowscentral.com/software-apps/outlook-lite-is-dead-in-october,killedbymicrosoft.info
Microsoft,Microsoft Movies & TV,service,2012-10-16,2025-07-18,2012,2025,day,12.8,dead,Microsoft Movies & TV (previously Xbox Video and Zune Video) was a digital video service developed that offered movies and TV shows available for rental or purchase as well as an app where users can watch videos from their locally-stored digital collections.,https://en.wikipedia.org/wiki/Microsoft_Movies_%26_TV,killedbymicrosoft.info
Microsoft,Microsoft Math Solver,service,2006-01-01,2025-07-07,2006,2025,day,19.5,dead,"Microsoft Math Solver (formerly Microsoft Mathematics and Microsoft Math) was an entry-level educational app that solved math and science problems. Until 2015, it was an app for Windows, then it was released as a service.",https://en.wikipedia.org/wiki/Microsoft_Math_Solver,killedbymicrosoft.info
Microsoft,Bing Maps for Enterprise,service,2005-01-01,2025-06-30,2005,2025,day,20.5,dead,Bing Maps for Enterprise (previously Microsoft Virtual Earth) was a geospatial mapping platform allowing developers to create applications that layer location-relevant data on top of licensed map imagery.,https://en.wikipedia.org/wiki/Bing_Maps_for_Enterprise,killedbymicrosoft.info
Microsoft,Remote Desktop,app,2012-10-05,2025-05-27,2012,2025,day,12.6,dead,"Remote Desktop was an app to access remote Windows PCs for Windows, macOS, Android, and iOS.",https://www.pcworld.com/article/2633919/microsofts-remote-desktop-app-is-being-killed-soon.html,killedbymicrosoft.info
Microsoft,Windows Bridge for iOS,app,2015-08-15,2025-05-25,2015,2025,day,9.8,dead,Windows Bridge for iOS (a.k.a. WinObjC) was an open-source project allowing reuse of existing apps and libraries written in Objective-C to create Universal Windows Platform (UWP) apps that would run on many Windows devices.,https://en.wikipedia.org/wiki/Universal_Windows_Platform#iOS,killedbymicrosoft.info
Microsoft,Skype,app,2003-08-29,2025-05-05,2003,2025,day,21.7,dead,"Skype was a proprietary telecommunications application operated by Skype Technologies, a division of Microsoft, best known for IP-based videotelephony, videoconferencing and voice calls.",https://it.wikipedia.org/wiki/Skype,killedbymicrosoft.info
Microsoft,Dev Home,app,2023-05-01,2025-05-01,2023,2025,day,2.0,dead,"Dev Home was a control center for Windows providing the ability to monitor projects in your dashboard using customizable widgets, set up your dev environment by downloading packages, connect to your developer accounts, and accomplishing many other typical tasks for a developer.",https://en.wikipedia.org/wiki/Microsoft_Dev_Home,killedbymicrosoft.info
Microsoft,Visual Studio App Center,service,2017-11-15,2025-03-31,2017,2025,day,7.4,dead,"Visual Studio App Center was a set of integrated services for building, testing, releasing, and monitoring mobile and desktop apps.",https://github.com/microsoft/appcenter,killedbymicrosoft.info
Microsoft,Windows Subsystem for Android,app,2022-02-15,2025-03-05,2022,2025,day,3.0,dead,Windows Subsystem for Android was a feature of Windows 11 which allows users to install and run Android apps.,https://en.wikipedia.org/wiki/Windows_11#Windows_Subsystem_for_Android,killedbymicrosoft.info
Apple,iPhone SE (3rd gen),"hardware, iphone",,,2022,2025,year,3,dead,"Apple's last iPhone with a Home button, Touch ID, an LCD screen, and a Lightning port. Discontinued when Apple replaced the SE line with the iPhone 16e.",https://www.apple.com/newsroom/2022/03/apple-announces-the-new-iphone-se-a-powerful-smartphone-in-an-iconic-design/,killedbyapple.theden.sh
Apple,Clips,software,,,2017,2025,year,8,dead,"Apple's playful short-form video editor for iPhone and iPad, with captions, filters, stickers, posters, and effects. It outlived several social-video trends before Apple finally stopped updates and downloads.",,killedbyapple.theden.sh
Apple,Launchpad,feature,,,2010,2025,year,15,dead,"MacOS’s app launcher, showing installed apps in an iPad-like grid so a user could open, organize, search, and delete apps quickly. It was replaced in MacOS Tahoe by Spotlight Applications folder",,killedbyapple.theden.sh
Microsoft,Mail,app,2007-01-30,2024-12-31,2007,2024,day,17.9,dead,Mail was an email client developed by Microsoft and was included in the OS since Windows Vista until Windows 11.,https://en.wikipedia.org/wiki/Mail_(Windows),killedbymicrosoft.info
Microsoft,Calendar,app,2007-01-30,2024-12-31,2007,2024,day,17.9,dead,"Calendar was a personal calendar application made by Microsoft included in its OS since Windows Vista to Windows 11, offering synchronization among calendar services of different providers.",https://en.wikipedia.org/wiki/Calendar_(Windows),killedbymicrosoft.info
Microsoft,Delve,service,2015-03-01,2024-12-16,2015,2024,day,9.8,dead,"Delve is used to manage users' Microsoft 365 profile, and to discover and organize via machine learning the information that's likely to be most interesting to them across Microsoft 365.",https://support.microsoft.com/en-us/office/what-is-delve-1315665a-c6af-4409-a28d-49f8916878ca,killedbymicrosoft.info
Microsoft,Surface Studio,hardware,2017-04-11,2024-12-06,2017,2024,day,7.7,dead,Surface Studio was an all-in-one PC famous for featuring a unique hinge design that allows it be tilted to a flat position.,https://en.wikipedia.org/wiki/Surface_Studio,killedbymicrosoft.info
Microsoft,TakeLessons,service,2008-01-01,2024-11-15,2008,2024,day,16.9,dead,TakeLessons was a platform for freelance teachers to connect with students.,https://en.m.wikipedia.org/wiki/TakeLessons,killedbymicrosoft.info
Microsoft,Paint 3D,app,2016-10-26,2024-11-04,2016,2024,day,8.0,dead,Paint 3D was a raster graphics and 3D computer graphics application which should have been the successor of Microsoft Paint.,https://en.wikipedia.org/wiki/Paint_3D,killedbymicrosoft.info
Microsoft,Flip,service,2014-01-01,2024-10-24,2014,2024,day,10.8,dead,Flip (formerly Flipgrid and originally Vidku) was a free-to-use video discussion platform bought by Microsoft for use in classroom environments.,https://en.wikipedia.org/wiki/Flip_(software),killedbymicrosoft.info
Microsoft,Surface Duo,hardware,2020-09-10,2024-10-21,2020,2024,day,4.1,dead,Surface Duo was a family of foldable dual-screen smartphones based on Android.,https://en.wikipedia.org/wiki/Surface_Duo,killedbymicrosoft.info
Google,Google Jamboard,app,2016-10-25,2024-10-01,2016,2024,day,7.9,dead,"Google Jamboard was a web app, native whiteboard app, and standalone whiteboard hardware that offered a collaborative experience.",https://9to5google.com/2023/09/28/google-jamboard/,killedbygoogle.com
Microsoft,Windows Mixed Reality,service,2017-10-17,2024-10-01,2017,2024,day,7.0,dead,Windows Mixed Reality was a platform which provides augmented reality and virtual reality experiences with compatible head-mounted displays.,https://en.wikipedia.org/wiki/Windows_Mixed_Reality,killedbymicrosoft.info
Microsoft,WordPad,app,1995-08-24,2024-10-01,1995,2024,day,29.1,dead,"WordPad was a word processor more advanced than the Notepad text editor by supporting rich text editing, but with a subset of the functionality of Microsoft Word.",https://en.wikipedia.org/wiki/Microsoft_WordPad,killedbymicrosoft.info
Google,Socratic,app,2013-08-15,2024-08-31,2013,2024,day,11.0,dead,Socratic was a free educational app that helped students with homework by scanning questions with a smartphone camera and offering step-by-step solutions.,https://en.wikipedia.org/wiki/Socratic_(Google),killedbygoogle.com
Microsoft,Visual Studio for Mac,app,2017-05-10,2024-08-31,2017,2024,day,7.3,dead,"Visual Studio for Mac was an integrated development environment (IDE) and, despite the name, it was a rebranded version of MonoDevelop that reused some components of the main Visual Studio.",https://en.wikipedia.org/wiki/MonoDevelop#Visual_Studio_for_Mac,killedbymicrosoft.info
Google,Chromecast,hardware,2013-07-24,2024-08-06,2013,2024,day,11.0,dead,Chromecast was a line of digital media players that allowed users to play online content on a television.,https://www.theverge.com/2024/8/6/24214471/google-chromecast-line-discontinued,killedbygoogle.com
Microsoft,Xbox Games Store,service,2005-11-20,2024-07-29,2005,2024,day,18.7,dead,Xbox Games Store (formerly Xbox Live Marketplace) was a digital store for Xbox 360 games.,https://en.wikipedia.org/wiki/Xbox_Games_Store,killedbymicrosoft.info
Microsoft,Azure Media Services,service,2012-04-17,2024-06-30,2012,2024,day,12.2,dead,"Azure Media Services was a media streaming service that enabled customers to encode, store, and stream video and audio at scale.",https://azure.microsoft.com/en-us/products/media-services/,killedbymicrosoft.info
Google,VPN by Google One,service,2020-10-29,2024-06-20,2020,2024,day,3.6,dead,VPN by Google One was a virtual private network service that provided users encrypted transit of their data and network activity and allowed them to mask their IP address.,https://9to5google.com/2024/04/11/google-one-vpn-discontinued/,killedbygoogle.com
Microsoft,Xamarin,app,2011-05-16,2024-05-01,2011,2024,day,13.0,dead,Xamarin was the first native cross-platform mobile application development framework which provided the basis for MAUI framework.,https://en.wikipedia.org/wiki/Xamarin,killedbymicrosoft.info
Microsoft,Microsoft Stream (classic),service,2017-06-20,2024-04-15,2017,2024,day,6.8,dead,"Microsoft Stream (classic) was a corporate video-sharing service that replaced the former Office 365 Video; notably, it included free storage of hosted videos.",https://en.wikipedia.org/wiki/Microsoft_Stream,killedbymicrosoft.info
Google,DropCam,hardware,2009-01-15,2024-04-08,2009,2024,day,15.2,dead,Dropcam was a line of Wi-Fi video streaming cameras acquired by Google in 2014.,https://en.wikipedia.org/wiki/Dropcam,killedbygoogle.com
Google,Google Podcasts,app,2018-06-18,2024-04-02,2018,2024,day,5.8,dead,Google Podcasts was a podcast hosting platform and an Android podcast listening app.,https://9to5google.com/2023/09/26/google-podcasts-youtube-music/,killedbygoogle.com
Google,Keen,app,2020-06-18,2024-03-24,2020,2024,day,3.8,dead,Keen was a Pinterest-style platform with ML recommendations.,https://www.androidpolice.com/google-keen-shutdown-area-120-experiment/,killedbygoogle.com
Google,Google Cache,service,2000-02-22,2024-02-01,2000,2024,day,23.9,dead,Google Cache was a tool to view cached/older versions of a website. It was one of the oldest products.,https://9to5google.com/2024/02/02/google-search-cached-link/,killedbygoogle.com
Microsoft,Yammer,service,2008-09-08,2024-01-31,2008,2024,day,15.4,dead,Yammer was an internal communication system for the genealogy website Geni.com launched in 2008 and then acquired by Microsoft in 2012.,https://en.wikipedia.org/wiki/Yammer,killedbymicrosoft.info
Microsoft,Windows Server Essentials,os,1997-10-22,2024-01-09,1997,2024,day,26.2,dead,Windows Server Essentials (formerly Small Business Server or SBS) was an integrated server suite for businesses with no more than 25 users or 50 devices.,https://en.wikipedia.org/wiki/Windows_Server_Essentials,killedbymicrosoft.info
Microsoft,Hyper-V Server,os,2008-10-01,2024-01-09,2008,2024,day,15.3,dead,"Hyper-V Server was a free limited version of Windows Server with Hyper-V role to support an enterprise-class virtualization, finally superseded by Azure services.",https://en.wikipedia.org/wiki/Hyper-V,killedbymicrosoft.info
Microsoft,Wiki for MS Teams and Sharepoint,service,2016-01-01,2024-01-01,2016,2024,day,8.0,dead,Wiki for MS Teams and Sharepoint was a simple and effective Wikipedia embedded in these two products.,https://techcommunity.microsoft.com/t5/microsoft-teams-public-preview/now-in-public-preview-future-of-wiki-and-notes-in-teams/m-p/3780747,killedbymicrosoft.info
Apple,Apple Pay Later,"service, feature",,,2023,2024,year,1,dead,"Apple's own buy-now-pay-later service, letting users split purchases into four payments. Barely a year after launch, Apple abandoned the in-house version and shifted toward third-party installment providers.",https://www.apple.com/newsroom/2023/03/apple-introduces-apple-pay-later/,killedbyapple.theden.sh
Apple,Apple USB SuperDrive,hardware,,,2008,2024,year,16,dead,"The external CD and DVD drive that survived long after Apple removed optical drives from Macs. After 16 years, it quietly went out of stock worldwide and effectively disappeared.",,killedbyapple.theden.sh
Microsoft,Cortana,service,2014-04-02,2023-12-31,2014,2023,day,9.7,dead,Cortana was a virtual assistant that uses the Bing search engine to perform tasks such as setting reminders and answering questions for the user.,https://en.wikipedia.org/wiki/Cortana_(virtual_assistant),killedbymicrosoft.info
Microsoft,Azure Kinect,hardware,2019-07-15,2023-10-01,2019,2023,day,4.2,dead,"Azure Kinect was a PC peripheral which employs the use of artificial intelligence sensors for computer vision and speech models, and it was connected to the Azure cloud.",https://en.wikipedia.org/wiki/Azure_Kinect,killedbymicrosoft.info
Google,Google Domains,service,2014-06-13,2023-09-30,2014,2023,day,9.3,dead,Google Domains was a domain name registrar operated by Google.,https://9to5google.com/2023/06/15/google-domains-squarespace/,killedbygoogle.com
Google,Google Optimize,service,2012-06-01,2023-09-30,2012,2023,day,11.3,dead,Google Optimize was a web analytics and testing tool that allowed users to run experiments aimed at increasing visitor conversion rates and overall satisfaction.,https://web.archive.org/web/20230120214459/https://support.google.com/optimize/answer/12979939,killedbygoogle.com
Google,Glass Enterprise Edition,hardware,2017-07-01,2023-09-15,2017,2023,day,6.2,dead,Glass Enterprise Edition was a head-up display for enterprise customers.,https://www.pcmag.com/news/rip-google-glass-enterprise-as-sales-for-smart-glasses-end,killedbygoogle.com
Microsoft,Microsoft Kaizala,service,2016-02-22,2023-08-31,2016,2023,day,7.5,dead,"Microsoft Kaizala was a secure messaging and work management software application for collaboration among users inside and outside of organizations, including the ability to send and receive instant messages, coordinate tasks, and submit invoices.",https://en.wikipedia.org/wiki/Microsoft_Kaizala,killedbymicrosoft.info
Microsoft,Soundscape,service,2018-03-01,2023-08-30,2018,2023,day,5.5,dead,Soundscape was a service for iOS that aims to give people who are blind or visually impaired a greater awareness of their surrounding by using 3D cues.,https://techcrunch.com/2018/03/01/microsoft-soundscape-helps-the-visually-impaired-navigate-cities/,killedbymicrosoft.info
Google,Pixel Pass,service,2021-10-28,2023-08-29,2021,2023,day,1.8,dead,Pixel Pass was a program that allowed users to pay a monthly charge for their Pixel phone and upgrade immediately after two years.,https://www.theverge.com/2023/8/30/23851107/google-graveyard-pixel-pass-subscription-phone-upgrades,killedbygoogle.com
Google,Google Cloud IoT Core,service,2018-02-21,2023-08-16,2018,2023,day,5.5,dead,"Google Cloud IoT Core was a managed service designed to let customers securely connect, manage, and ingest data from globally dispersed devices.",https://www.iotworldtoday.com/2022/08/23/google-cloud-to-shut-down-iot-core-service/,killedbygoogle.com
Google,Google Album Archive,service,2016-08-05,2023-07-19,2016,2023,day,7.0,dead,"Google Album Archive was a platform that allowed users to access and manage their archived photos and videos from various Google services, such as Hangouts and Picasa Web Albums.",https://cordcuttersnews.com/google-is-shutting-down-album-archive/,killedbygoogle.com
Google,YouTube Stories,service,2017-11-29,2023-06-26,2017,2023,day,5.6,dead,YouTube Stories (originally YouTube Reels) allowed creators to post temporary videos that would expire after seven days.,https://www.theverge.com/2023/5/25/23736246/youtube-ending-stories-shorts-community-posts,killedbygoogle.com
Google,Grasshopper,app,2018-04-18,2023-06-15,2018,2023,day,5.2,dead,"Grasshopper was a free mobile and web app for aspiring programmers that taught introductory JavaScript and coding fundamentals using fun, bite-sized puzzles.",https://www.androidpolice.com/google-grasshopper-code-learning-shut-down-date-revealed/,killedbygoogle.com
Google,Conversational Actions,service,2016-10-04,2023-06-13,2016,2023,day,6.7,dead,"Conversational Actions extended the functionality of Google Assistant by allowing 3rd party developers to create custom experiences, or conversations, for users of Google Assistant.",https://web.archive.org/web/20230430231035/https://developers.google.com/assistant/conversational/overview,killedbygoogle.com
Google,Jacquard,app,2014-01-01,2023-04-24,2014,2023,day,9.3,dead,"Jacquard was a small tag to make it easier and more intuitive for people to interact with technology in their everyday lives, without having to constantly pull out their devices or touch screens.",https://www.androidpolice.com/google-project-jacquard-shutting-down/,killedbygoogle.com
Google,Google Currents (2019),service,2019-04-10,2023-03-31,2019,2023,day,4.0,dead,Google Currents was a service that provided social media features similar to Google+ for Google Workspace customers.,https://www.theverge.com/2022/2/10/22928042/google-plus-replacement-wind-down-currents-spaces,killedbygoogle.com
Google,Google Street View (standalone app),app,2010-09-09,2023-03-21,2010,2023,day,12.5,dead,Google Street View app was an Android and iOS app that enabled people to get a 360 degree view of locations around the world.,https://9to5google.com/2022/11/01/google-street-view-app-shutting-down/,killedbygoogle.com
Microsoft,AltspaceVR,service,2015-01-30,2023-03-10,2015,2023,day,8.1,dead,"AltspaceVR was a vibrant, community-centric, VR platform (acquired in 2017), which hosted events including comedy shows, festivals, and weddings.",https://en.wikipedia.org/wiki/AltspaceVR,killedbymicrosoft.info
Google,Google Code Competitions,service,2003-10-01,2023-02-23,2003,2023,day,19.4,dead,"Google Code Jam, Kick Start, and Hash Code were competitive programming competitions open to programmers around the world.",https://en.wikipedia.org/wiki/Google_Code_Jam,killedbygoogle.com
Google,Google Stadia,service,2019-11-19,2023-01-18,2019,2023,day,3.2,dead,"Google Stadia was a cloud gaming service combining a WiFi gaming controller and allowed users to stream gameplay through web browsers, TV, mobile apps, and Chromecast.",https://www.theverge.com/2022/9/29/23378713/google-stadia-shutting-down-game-streaming-january-2023/,killedbygoogle.com
Google,Google OnHub,hardware,2015-08-31,2023-01-11,2015,2023,day,7.4,dead,"Google OnHub was a series of residential wireless routers manufactured by Asus and TP-Link that were powered by Google software, managed by Google apps, and offered enhanced special features like Google Assistant.",https://en.wikipedia.org/wiki/Google_OnHub,killedbygoogle.com
Apple,Touch Bar,"feature, hardware",,,2016,2023,year,7,dead,"The OLED strip that replaced the function key row on MacBook Pros. A programmable, context-sensitive control surface that most users ignored, most developers never supported, and Apple finally dropped with the last 13-inch MacBook Pro.",https://www.apple.com/newsroom/2016/10/apple-unveils-groundbreaking-new-macbook-pro/,killedbyapple.theden.sh
Apple,Lightning Connector,"feature, hardware, iphone, ipad",,,2012,2023,year,11,dead,"Apple's slim, reversible 8-pin connector, used on iPhone for more than a decade. Replaced on new iPhones by USB-C in 2023 after years of regulatory and industry pressure.",https://www.apple.com/newsroom/2012/09/12Apple-Introduces-iPhone-5/,killedbyapple.theden.sh
Apple,iPhone 13 mini,"hardware, iphone",,,2021,2023,year,2,dead,"The last genuinely small modern iPhone, beloved by a vocal minority and ignored by enough buyers that Apple killed the mini line in 2023.",https://www.apple.com/ie/newsroom/2021/09/apple-introduces-iphone-13-and-iphone-13-mini/,killedbyapple.theden.sh
Apple,Photo Stream,"service, feature",,,2011,2023,year,12,dead,"Apple's free photo sync service that automatically pushed the last 1,000 photos to all your Apple devices for 30 days. Replaced by iCloud Photos and finally shut down in 2023 after running quietly in the background for 12 years.",https://www.apple.com/newsroom/2011/10/04Apple-to-Launch-iCloud-on-October-12/,killedbyapple.theden.sh
Apple,Apple Music Voice Plan,service,,,2021,2023,year,2,dead,"A cheaper Siri-only Apple Music subscription that removed the normal app interface from streaming. Apple killed it after less than two years, presumably because yelling song requests at Siri was not the future.",https://www.apple.com/newsroom/2021/10/apple-introduces-the-apple-music-voice-plan/,killedbyapple.theden.sh
Apple,iMovie Theater,"feature, service",,,2013,2023,year,10,dead,"iMovie's iCloud-backed showcase for shared clips, movies, and trailers across Mac, iPhone, iPad, and Apple TV. Apple eventually dropped support and told users to move everything into iCloud Photos instead.",https://www.apple.com/newsroom/2013/10/23Apple-Introduces-Next-Generation-iWork-and-iLife-Apps-for-OS-X-and-iOS/,killedbyapple.theden.sh
Apple,Dark Sky,"service, software",,,2012,2023,year,11,dead,"The beloved hyperlocal weather app famous for minute-by-minute rain alerts. Apple acquired it, shut down the Android app and API, then folded its best ideas into Apple Weather.",https://support.apple.com/en-lamr/102594,killedbyapple.theden.sh
Apple,MagSafe Battery Pack,"hardware, iphone",,,2021,2023,year,2,dead,"Apple's magnetic battery pack for iPhone 12 and later, elegant but small and slow compared with third-party alternatives. Discontinued when the iPhone moved from Lightning to USB-C.",,killedbyapple.theden.sh
Apple,MagSafe Duo Charger,"hardware, iphone, apple watch",,,2020,2023,year,3,dead,"Apple's folding travel charger for iPhone and Apple Watch. Clever, overpriced, and discontinued alongside the MagSafe Battery Pack after the USB-C iPhone transition.",,killedbyapple.theden.sh
Google,YouTube Originals,service,2016-09-01,2022-12-31,2016,2022,day,6.3,dead,"YouTube Originals was a variety of original content including scripted series, educational videos, and music and celebrity programming.",https://arstechnica.com/gadgets/2022/01/google-kills-youtube-originals-its-original-video-content-group/,killedbygoogle.com
Google,Threadit,app,2021-03-18,2022-12-19,2021,2022,day,1.8,dead,Threadit was a tool for recording and sharing short videos.,https://9to5google.com/2022/10/19/google-workspace-threadit/,killedbygoogle.com
Microsoft,Atom,app,2014-02-26,2022-12-15,2014,2022,day,8.8,dead,"Atom was a free, hackable, cross-platform and open-source text editor developed by GitHub with support for plug-ins written in JavaScript and embedded Git Control.",https://en.wikipedia.org/wiki/Atom_(text_editor),killedbymicrosoft.info
Google,Duplex on the Web,service,2019-05-07,2022-12-01,2019,2022,day,3.6,dead,Duplex on the Web was a Google Assistant technology that automated tasks on the web on behalf of a user; such as booking movie tickets or making restaurant reservations.,https://techcrunch.com/2022/12/02/google-shuts-down-duplex-on-the-web-its-attempt-to-bring-ai-smarts-to-retail-sites-and-more/,killedbygoogle.com
Google,Google Hangouts,service,2013-05-15,2022-11-30,2013,2022,day,9.5,dead,Google Hangouts was a cross-platform instant messaging service.,https://arstechnica.com/gadgets/2022/06/google-hangouts-finally-gets-a-shutdown-date-november-2022/,killedbygoogle.com
Google,Google Surveys,service,2012-03-29,2022-11-01,2012,2022,day,10.6,dead,Google Surveys was a business product by Google aimed at facilitating customized market research.,https://www.searchenginejournal.com/google-surveys-is-shutting-down/465287/,killedbygoogle.com
Google,YouTube for Wii,app,2012-11-15,2022-10-27,2012,2022,day,9.9,dead,YouTube for Nintendo Wii was an app that let Wii and Wii U users stream YouTube videos on their TVs.,https://en.wikipedia.org/wiki/YouTube_TV_app#Nintendo_Wii,killedbygoogle.com
Google,YouTube Go,app,2017-02-15,2022-08-09,2017,2022,day,5.5,dead,YouTube Go was an app aimed at making YouTube easier to access on mobile devices in emerging markets through special features like downloading video on wifi for viewing later.,https://9to5google.com/2022/05/03/youtube-go-shutting-down/,killedbygoogle.com
Google,Google My Business (app),app,2018-11-18,2022-07-31,2018,2022,day,3.7,dead,Google My Business was an app that allowed businesses to manage their Google Maps Business profiles.,https://rizenmetrics.com/news-google-my-business-app-will-be-replaced/,killedbygoogle.com
Google,Google Chrome Apps,service,2010-12-06,2022-06-30,2010,2022,day,11.6,dead,Google Chrome Apps were hosted or packaged web applications that ran on the Google Chrome browser.,https://en.wikipedia.org/wiki/Google_Chrome_App,killedbygoogle.com
Google,Kormo Jobs,app,2019-08-15,2022-06-30,2019,2022,day,2.9,dead,"Kormo Jobs was an app that allowed users in primarily India, Indonesia, and Bangladesh to help them find jobs nearby that match their skills and interests.",https://www2.staffingindustry.com/row/Editorial/Daily-News/Asia-Google-shuts-down-its-Kormo-jobs-site-in-Asia-62393,killedbygoogle.com
Google,Android Auto for phone screens,app,2019-11-04,2022-06-21,2019,2022,day,2.6,dead,"Android Auto for phone screens was an app that allowed the screen of the phone to be used as an Android Auto interface while driving, intended for vehicles that did not have a compatible screen built in.",https://www.androidpolice.com/google-kills-android-auto-for-phone-screens/,killedbygoogle.com
Microsoft,Internet Explorer,app,1995-08-16,2022-06-15,1995,2022,day,26.8,dead,"Internet Explorer (formerly Microsoft Internet Explorer and Windows Internet Explorer, commonly abbreviated IE or MSIE) was the default web browser of Windows OS before the launch of Edge.",https://en.wikipedia.org/wiki/Internet_Explorer,killedbymicrosoft.info
Google,Google Duo,service,2016-08-16,2022-06-01,2016,2022,day,5.8,dead,Google Duo was a video calling app that allowed people to call someone from their contact list.,https://en.wikipedia.org/wiki/Google_Duo,killedbygoogle.com
Google,G Suite (Legacy Free Edition),service,2006-08-28,2022-05-01,2006,2022,day,15.7,dead,G Suite (Legacy Free Edition) was a free tier offering some of the services included in Google's productivity suite.,https://9to5google.com/2022/01/19/g-suite-legacy-free-edition/,killedbygoogle.com
Google,Google Assistant Snapshot,service,2018-07-17,2022-04-13,2018,2022,day,3.7,dead,Google Assistant Snapshot was the successor to Google Now that provided predictive cards with information and daily updates in the Google app for Android and iOS.,https://www.droid-life.com/2022/03/03/googles-assistant-snapshot-is-going-away/,killedbygoogle.com
Microsoft,Forza Street,app,2018-05-08,2022-04-11,2018,2022,day,3.9,dead,"Forza Street (previously Miami Street) was a free-to-play racing game dow Windows 10, Android, and iOS.",https://en.wikipedia.org/wiki/Forza#Forza_Street_(2019%E2%80%932022),killedbymicrosoft.info
Google,Cameos on Google,service,2018-08-19,2022-02-17,2018,2022,day,3.5,dead,Cameos on Google allowed celebrities and other public figures to record video responses to the most common questions asked about them which would be shown to users in Google Search results.,https://techcrunch.com/2018/08/09/google-launches-cameos-a-video-qa-app-aimed-at-celebs/,killedbygoogle.com
Microsoft,Windows Storage Server,os,2003-09-10,2022-01-11,2003,2022,day,18.3,dead,Windows Storage Server was a variant of the Windows Server operating system targeted towards network-attached data storage solutions.,https://web.archive.org/web/20030920074052/http://www.microsoft.com/presspass/press/2003/sep03/09-10StorageLaunchPR.asp,killedbymicrosoft.info
Google,Android Things,service,2015-05-28,2022-01-05,2015,2022,day,6.6,dead,Android Things was an Android-based embedded operating system (originally named Brillo) aimed to run on Internet of Things (IoT) devices.,https://android-developers.googleblog.com/2019/02/an-update-on-android-things.html,killedbygoogle.com
Microsoft,Groove Music,app,2015-07-06,2022-01-01,2015,2022,day,6.5,dead,"Groove Music was an audio player software application that was included with Windows 8 to Windows 11, inheriting the main features from Xbox Music and Zune Marketplace.",https://en.wikipedia.org/wiki/Groove_Music,killedbymicrosoft.info
Apple,iPod touch,"hardware, ipod",,,2007,2022,year,15,dead,"The last surviving iPod, an iPhone without the cellular contract. Beloved by kids, travelers, and budget-conscious music fans for 15 years. The end of an era.",https://www.apple.com/newsroom/2007/09/05Apple-Unveils-iPod-touch/,killedbyapple.theden.sh
Apple,macOS Server,software,,,1999,2022,year,23,dead,"Apple's server OS, once a serious enterprise product with directory services, file sharing, and device management. Wound down over years until it became just a few GUI wrappers.",https://support.apple.com/en-us/101601,killedbyapple.theden.sh
Apple,Apple SIM,"feature, hardware, ipad",,,2014,2022,year,8,dead,"A carrier-switching SIM system for cellular iPads, designed to make mobile data plans less tied to one network. Eventually made redundant by eSIM, and new activations ended in 2022.",https://support.apple.com/es-es/112017,killedbyapple.theden.sh
Apple,27-inch iMac,"mac, hardware",,,2009,2022,year,13,dead,"The big-screen iMac that defined desktop Macs for over a decade. Apple killed it after launching Mac Studio and Studio Display, leaving the 24-inch iMac as the only all-in-one Mac.",https://www.apple.com/newsroom/2009/10/20Apple-Unveils-New-iMac-With-21-5-and-27-inch-Displays/,killedbyapple.theden.sh
Google,AngularJS,service,2010-10-20,2021-12-31,2010,2021,day,11.2,dead,AngularJS was a JavaScript open-source front-end web framework based on MVC pattern using a dependency injection technique.,https://blog.angular.io/discontinued-long-term-support-for-angularjs-cc066b82e65a,killedbygoogle.com
Google,Streams,app,2017-12-01,2021-12-31,2017,2021,day,4.1,dead,"Streams was a ""clinician support app"" which aimed to improve clinical decision-making and patient safety across hospitals in the United Kingdom.",https://techcrunch.com/2021/08/26/google-confirms-its-pulling-the-plug-on-streams-its-uk-clinician-support-app/,killedbygoogle.com
Microsoft,Microsoft Academic,service,2016-02-22,2021-12-31,2016,2021,day,5.9,dead,Microsoft Academic was a free public web search engine for academic publications and literature.,https://en.wikipedia.org/wiki/Microsoft_Academic,killedbymicrosoft.info
Google,Material Gallery,service,2018-05-08,2021-12-16,2018,2021,day,3.6,dead,"Material Gallery was a collaboration tool for UI designers, optimized for Google's Material Design, with mobile preview apps and a Sketch plugin.",https://web.archive.org/web/20230706151910/https://support.google.com/materialgallery/answer/11044972,killedbygoogle.com
Google,Google Toolbar,service,2000-12-11,2021-12-11,2000,2021,day,21.0,dead,Google Toolbar was a web browser toolbar that provided a search box in web browsers like Internet Explorer and Firefox.,https://arstechnica.com/gadgets/2021/12/happy-21st-birthday-to-google-toolbar-which-inexplicably-still-exists/,killedbygoogle.com
Microsoft,Channel 9,service,2004-04-01,2021-12-01,2004,2021,day,17.7,dead,Channel 9 was a website for hosting videos and podcasts that Microsoft employees create.,https://en.wikipedia.org/wiki/Channel_9_(Microsoft),killedbymicrosoft.info
Google,Google Sites (Classic),service,2008-02-28,2021-11-30,2008,2021,day,13.8,dead,Google Sites (Classic) allowed users to build and edit websites and wiki portals for private and public use.,https://en.wikipedia.org/wiki/Google_Sites,killedbygoogle.com
Google,Your News Update,service,2019-11-19,2021-11-05,2019,2021,day,2.0,dead,"Your News Update was a service that offered an audio digest of a mix of short news stories chosen at that moment based on a user's interests, location, user history, and preferences, as well as the top news stories out there.",https://9to5google.com/2021/11/05/google-assistant-your-news-update/,killedbygoogle.com
Google,Google My Maps,app,2014-10-31,2021-10-15,2014,2021,day,7.0,dead,My Maps was an Android application that enabled users to create custom maps for personal use or sharing on their mobile device.,https://9to5google.com/2021/07/20/google-my-maps-android-shutdown/,killedbygoogle.com
Microsoft,Silverlight,service,2005-09-05,2021-10-12,2005,2021,day,16.1,dead,"Microsoft Silverlight (or simply Silverlight) was an application framework for writing and running rich Internet applications, similar to Adobe Flash.",https://en.wikipedia.org/wiki/Silverlight,killedbymicrosoft.info
Google,Backup and Sync,app,2017-07-01,2021-10-01,2017,2021,day,4.3,dead,Backup and Sync was a desktop software tool for Windows and macOS that allowed users to sync files from Google Drive to their local machine.,https://9to5google.com/2021/02/04/google-drive-for-desktop-replace/,killedbygoogle.com
Google,Google Bookmarks,service,2005-10-10,2021-09-30,2005,2021,day,16.0,dead,Google Bookmarks was a private web-based bookmarking service not integrated with any other Google services.,https://en.wikipedia.org/wiki/Google_Bookmarks,killedbygoogle.com
Google,Chatbase,service,2017-11-01,2021-09-27,2017,2021,day,3.9,dead,"Analytics platform for Google's Dialogflow chatbot & others, started by the Google-funded Area120 incubator then retired and partially merged into Dialogflow itself.",https://web.archive.org/web/20210701153646/https://chatbase.com/documentation/docs-overview,killedbygoogle.com
Google,VR180 Creator,app,2018-06-15,2021-07-31,2018,2021,day,3.1,dead,VR180 Creator allowed users to edit video taken on 180-degree and 360-degree devices on multiple operating systems.,https://ubunlog.com/en/vr180-creator-edito-videovr/,killedbygoogle.com
Google,Posts on Google,service,2012-05-16,2021-07-31,2012,2021,day,9.2,dead,Posts on Google allowed notable individuals with knowledge graph panels to author specific content that would appear in Google Search results.,https://www.seroundtable.com/google-posts-knowledge-panels-discontinued-31755.html,killedbygoogle.com
Google,Fitbit Coach,app,2013-07-01,2021-07-30,2013,2021,day,8.1,dead,Fitbit Coach (formerly Fitstar) was a video-based bodyweight workout app that used AI to personalize workouts based on user feedback.,https://help.fitbit.com/articles/en_US/Help_article/2279.htm,killedbygoogle.com
Google,Fitstar Yoga,app,2014-09-01,2021-07-30,2014,2021,day,6.9,dead,Fitstar Yoga was a video-based yoga app that created unique yoga sessions based on user preference and skill level.,https://help.fitbit.com/articles/en_US/Help_article/2279.htm#FitStarY,killedbygoogle.com
Google,Tour Builder,service,2013-06-30,2021-07-15,2013,2021,day,8.0,dead,Tour Builder allowed users to create and share interactive tours inside Google Earth with photos and videos of locations.,https://knowledgequest.aasl.org/so-long-google-tour-builder-hello-google-earth/,killedbygoogle.com
Google,Expeditions,app,2015-08-01,2021-06-30,2015,2021,day,5.9,dead,"Expeditions was a program for providing virtual reality experiences to school classrooms through Google Cardboard viewers, allowing educators to take their students on virtual field trips.",https://en.wikipedia.org/wiki/Google_Expeditions,killedbygoogle.com
Google,Tour Creator,app,2018-05-09,2021-06-30,2018,2021,day,3.1,dead,"Tour Creator allowed users to build immersive, 360° guided tours that could be viewed with VR devices.",https://www.theverge.com/2020/11/13/21564279/google-expeditions-vr-cardboard-tours-shutdown-arts-culture-app-migration,killedbygoogle.com
Google,Poly,service,2017-11-01,2021-06-30,2017,2021,day,3.7,dead,Poly was a distribution platform for creators to share 3D objects.,https://web.archive.org/web/20201202153708/https://support.google.com/poly/answer/10192635,killedbygoogle.com
Microsoft,Minecraft Earth,app,2019-10-17,2021-06-30,2019,2021,day,1.7,dead,Minecraft Earth was a Augmented Reality mobile game that allowed its players to collect blocks and build creations.,https://www.minecraft.net/en-us/article/minecraft-earth-coming-end,killedbymicrosoft.info
Google,Google Play Movies & TV,app,2011-05-10,2021-06-15,2011,2021,day,10.1,dead,"Google Play Movies & TV, originally Google TV, was an app used to view purchased and rented media and was ultimately replaced with YouTube.",https://en.wikipedia.org/wiki/Google_TV_(service),killedbygoogle.com
Google,Measure,app,2016-06-01,2021-06-08,2016,2021,day,5.0,dead,Measure allowed users to take measurements of everyday objects with their device's camera utilizing ARCore technology.,https://www.androidpolice.com/2021/06/08/google-kills-measure-its-ar-based-measurement-taking-app/,killedbygoogle.com
Google,Zync Render,service,2014-08-26,2021-06-01,2014,2021,day,6.8,dead,Zync render was a cloud render platform for animation and visual effects.,https://www.reddit.com/r/vfx/comments/gur4lc/zync_render_will_shut_down_june_1_2021/,killedbygoogle.com
Google,Timely,app,2013-08-18,2021-05-31,2013,2021,day,7.8,dead,"Timely Alarm Clock was an Android application providing an alarm, stopwatch, and timer functionality with synchronization across devices.",http://www.bitspin.ch/google,killedbygoogle.com
Microsoft,Gears Pop!,app,2019-08-22,2021-04-26,2019,2021,day,1.7,dead,Gears Pop! was a mobile real-time strategy video game in which two players battle using Funko Pop!-stylized characters from the Gears of War fictional universe.,https://en.wikipedia.org/wiki/Gears_Pop,killedbymicrosoft.info
Google,Polymer,service,2015-05-29,2021-04-20,2015,2021,day,5.9,dead,Polymer was an open-source JS library for web components,http://polymer-project.org,killedbygoogle.com
Microsoft,Flight Arcade,app,2015-05-01,2021-04-17,2015,2021,day,6.0,dead,Flight Arcade was a web-app clone of Flight Simulator game created as a showcase of Microsoft Edge support for modern HTML5 and JavaScript.,https://www.windowscentral.com/microsoft-revisits-its-flight-simulator-series-web-based-flight-arcade-game,killedbymicrosoft.info
Google,Google Shopping Mobile App,app,2019-05-14,2021-04-09,2019,2021,day,1.9,dead,"The Google Shopping Mobile App, which had absorbed Google Express when it launched, provided a native shopping experience with a personalized homepage for mobile users. It is now retired and the functionality lives on in the Shopping Tab.",https://9to5google.com/2021/04/09/google-shopping-app/,killedbygoogle.com
Google,Google Public Alerts,service,2012-10-30,2021-04-01,2012,2021,day,8.4,dead,Google Public Alerts was an online notification service owned by Google.org that sends safety alerts to various countries.,https://en.wikipedia.org/wiki/Google_Public_Alerts,killedbygoogle.com
Google,Google Go Links,service,2010-01-01,2021-03-31,2010,2021,day,11.2,dead,(also known as Google Short Links) was a URL shortening service. It also supported custom domain for customers of Google Workspace (formerly G Suite (formerly Google Apps)).,https://github.com/codyogden/killedbygoogle/issues/865,killedbygoogle.com
Google,Google Crisis Map,service,2011-09-25,2021-03-31,2011,2021,day,9.5,dead,"Google Crisis Map was a website that allowed to create, publish, and share maps by combining layers from anywhere on the web.",https://web.archive.org/web/20211209021628/https://support.google.com/maps/answer/10394155,killedbygoogle.com
Microsoft,Cortana (for Mobile),app,2015-12-01,2021-03-31,2015,2021,day,5.3,dead,Cortana (for Mobile) was the frontend app for iOS and Android to access to the virtual assistant Cortana.,https://en.wikipedia.org/wiki/Cortana_(virtual_assistant),killedbymicrosoft.info
Google,Google Cardboard,hardware,2014-06-25,2021-03-03,2014,2021,day,6.7,dead,"Google Cardboard was a low-cost, virtual reality (VR) platform named after its folded cardboard viewer into which a smartphone was inserted.",https://en.wikipedia.org/wiki/Google_Cardboard,killedbygoogle.com
Google,Swift for TensorFlow,service,2018-04-22,2021-02-12,2018,2021,day,2.8,dead,Swift for TensorFlow (S4TF) was a next-generation platform for machine learning with a focus on differentiable programming.,https://github.com/tensorflow/swift,killedbygoogle.com
Microsoft,Microsoft Image Composite Editor,app,2008-12-03,2021-01-30,2008,2021,day,12.2,dead,Image Composite Editor was an advanced panoramic image stitcher made by the Microsoft Research division.,https://en.wikipedia.org/wiki/Image_Composite_Editor,killedbymicrosoft.info
Microsoft,People,app,2016-01-01,2021-01-29,2016,2021,day,5.1,dead,People was a contact management app and address book included in Windows 8 and 10.,https://en.wikipedia.org/wiki/People_(Windows),killedbymicrosoft.info
Google,Tilt Brush,app,2016-04-05,2021-01-26,2016,2021,day,4.8,dead,"Tilt Brush was a room-scale 3D-painting virtual-reality application available from Google, originally developed by Skillman & Hackett.",https://www.tiltbrush.com/,killedbygoogle.com
Google,Loon,service,2014-06-14,2021-01-22,2014,2021,day,6.6,dead,Loon was a service to provide internet access via an array of high-altitude balloons hovering in the Earth's stratosphere,https://www.theverge.com/2021/1/21/22243484/alphabet-google-shutting-down-loon-internet-balloon-company-x,killedbygoogle.com
Google,App Maker,service,2016-11-30,2021-01-19,2016,2021,day,4.1,dead,App Maker was a tool that allowed its users to build and deploy custom business apps easily and securely on the web without writing much code.,https://en.wikipedia.org/wiki/Google_App_Maker,killedbygoogle.com
Apple,Apple Remote,"hardware, tv",,,2005,2021,year,16,dead,"Apple's minimalist infrared remote for Macs, iPod docks, and early Apple TVs, first in white plastic and later in aluminum. It faded out as Siri Remote and software remotes took over.",https://www.apple.com/newsroom/2005/10/12Apple-Introduces-the-New-iMac-G5/,killedbyapple.theden.sh
Apple,iTunes U,"service, software",,,2007,2021,year,14,dead,"Platform for universities, schools, and educators to share lectures and course materials through iTunes. Quietly shut down and partially absorbed into Apple Podcasts.",https://www.apple.com/newsroom/2007/05/30Apple-Announces-iTunes-U-on-the-iTunes-Store/,killedbyapple.theden.sh
Apple,HomePod (1st gen),hardware,,,2018,2021,year,3,dead,"Apple's premium smart speaker with genuinely excellent audio quality. Discontinued in 2021 as Apple focused on the cheaper HomePod mini, before reviving the full-size HomePod in 2023.",https://www.apple.com/newsroom/2018/01/homepod-arrives-february-9-available-to-order-this-friday/,killedbyapple.theden.sh
Apple,iMac Pro,"mac, hardware",,,2017,2021,year,4,dead,"The Space Gray all-in-one workstation Apple built as a stopgap for professionals waiting on a real Mac Pro. Expensive, powerful, barely updated, and eventually replaced in spirit by Mac Studio.",https://www.apple.com/newsroom/2017/06/imac-pro-most-powerful-mac-arrives-december/,killedbyapple.theden.sh
Google,Google Cloud Print,service,2010-04-16,2020-12-31,2010,2020,day,10.7,dead,"Google Cloud Print allowed users to 'print from anywhere;' to print from web, desktop, or mobile to any Google Cloud Print-connected printer.",https://9to5google.com/2019/11/21/google-cloud-print-dead-2020/,killedbygoogle.com
Google,Google Home Max,hardware,2017-12-11,2020-12-14,2017,2020,day,3.0,dead,"Google Home Max was a large, stereo smart speaker with two tweeters and subwoofers, aux input, and a USB-C input (for wired ethernet) featuring Smart Sound machine learning technology.",https://9to5google.com/2020/12/14/google-home-max-discontinued/,killedbygoogle.com
Google,Science Journal,app,2016-05-23,2020-12-11,2016,2020,day,4.6,dead,Science Journal was a mobile app that helped you run science experiments with your smartphone using the device's onboard sensors.,https://sciencejournal.withgoogle.com,killedbygoogle.com
Google,YouTube VR (SteamVR),app,2017-12-14,2020-12-10,2017,2020,day,3.0,dead,YouTube VR allowed you to easily find and watch 360 videos and virtual reality content with SteamVR-compatible headsets.,https://steamdb.info/app/755770/history/,killedbygoogle.com
Google,Trusted Contacts,app,2016-12-05,2020-12-01,2016,2020,day,4.0,dead,Trusted Contacts was an app that allowed users to share their location and view the location of specific users.,https://arstechnica.com/gadgets/2020/10/google-shuts-down-trusted-contacts-its-emergency-location-sharing-app/,killedbygoogle.com
Microsoft,Windows 10 IoT Core,os,2016-08-02,2020-11-10,2016,2020,day,4.3,dead,"Windows 10 IoT Core was an embedded OS for smaller and lower-cost industry devices, it was also provided free of charge for use in devices like the Raspberry Pi for hobbyist use.",https://en.wikipedia.org/wiki/Windows_IoT#Core,killedbymicrosoft.info
Microsoft,Windows Application Driver,service,2016-03-30,2020-11-01,2016,2020,day,4.6,dead,Windows Application Driver (WinAppDriver) was an open-source service to support Selenium-like UI Test Automation on Windows Applications.,https://github.com/microsoft/WinAppDriver,killedbymicrosoft.info
Google,Google Play Music,service,2011-11-16,2020-10-22,2011,2020,day,8.9,dead,"Google Play Music was a music and podcast streaming service, and online music locker.",https://youtube.googleblog.com/2020/05/youtube-music-transfer-google-play-music-library.html,killedbygoogle.com
Google,Nest Secure,hardware,2017-11-15,2020-10-19,2017,2020,day,2.9,dead,"Nest Secure was a security system with an alarm, keypad, and motion sensor with an embedded microphone.",https://www.androidpolice.com/2020/10/19/google-confirms-the-nest-secure-has-been-discontinued/,killedbygoogle.com
Google,YouTube Community Contributions,service,2016-01-01,2020-09-28,2016,2020,day,4.7,dead,"YouTube Community Contributions allowed users to contribute translations for video titles or submit descriptions, closed captions or subtitles on YouTube content.",https://www.engadget.com/youtube-community-contributions-saying-goodbye-141205281.html,killedbygoogle.com
Google,Hire by Google,service,2017-07-18,2020-09-01,2017,2020,day,3.1,dead,"Google Hire was an applicant tracking system to help small to medium businesses distribute jobs, identify and attract candidates, build strong relationships with candidates, and efficiently manage the interview process.",https://www.theverge.com/2019/8/28/20837004/google-hire-next-tool-shut-down-service-jobs-hiring-recruiting-inbox-allo,killedbygoogle.com
Google,Password Checkup extension,app,2019-02-05,2020-08-31,2019,2020,day,1.6,dead,Password Checkup provided a warning to users if they were using a username and password combination checked against over 4 billion credentials that Google knew to be unsafe.,https://9to5google.com/2020/07/30/password-checkup-chrome-extension/,killedbygoogle.com
Google,Playground AR,app,2017-12-11,2020-08-20,2017,2020,day,2.7,dead,Playground AR (aka AR Stickers) allowed users to place virtual characters and objects in augmented reality via the Camera App on Pixel phones.,https://www.xda-developers.com/google-no-longer-offer-playground-ar-stickers-future-pixel-phones-starting-pixel-4a/,killedbygoogle.com
Google,Focals by North,hardware,2019-01-24,2020-07-31,2019,2020,day,1.5,dead,"Focals were a custom-built smart glasses product with a transparent, holographic display that allowed users to read and respond to text messages, navigate turn-by-turn directions, check the weather, and integrate with third-party services like Uber and Amazon Alexa.",https://techcrunch.com/2020/06/30/google-acquires-smart-glasses-company-north-whose-focals-2-0-wont-ship/,killedbygoogle.com
Microsoft,Cortana (for Xbox),app,2016-06-06,2020-07-24,2016,2020,day,4.1,dead,Cortana (for Xbox) was the frontend app to access to the virtual assistant Cortana.,https://en.wikipedia.org/wiki/Cortana_(virtual_assistant),killedbymicrosoft.info
Google,CallJoy,app,2019-05-01,2020-07-22,2019,2020,day,1.2,dead,CallJoy was an Area 120 project that provided phone automation for small-to-medium businesses allowing them to train the bot agent with responses to common customer questions.,https://techcrunch.com/2019/05/01/google-launches-calljoy-a-virtual-customer-service-phone-agent-for-small-businesses/,killedbygoogle.com
Microsoft,Mixer,service,2016-01-05,2020-07-22,2016,2020,day,4.5,dead,"Mixer was a video game live streaming platform, originally named Beam before the acquisition by Microsoft.",https://en.wikipedia.org/wiki/Mixer_(service),killedbymicrosoft.info
Google,Google Photos Print,service,2020-02-01,2020-06-30,2020,2020,day,0.4,dead,Google Photos Print was a subscription service that automatically selected the best ten photos from the last thirty days which were mailed to user's homes.,https://www.forbes.com/sites/paulmonckton/2020/06/20/google-photos-featue-cancellation-auto-print-selection/#19631af66294,killedbygoogle.com
Google,Pigeon Transit,app,2018-09-01,2020-06-24,2018,2020,day,1.8,dead,"Pigeon Transit was a transit app that used crowdsourced information about delays, crowded trains, escalator outages, live entertainment, dirty or unsafe conditions.",https://www.slashgear.com/pigeon-crowdsourced-transit-app-experiment-is-shutting-down-11624401/,killedbygoogle.com
Microsoft,EdgeHTML,service,2014-11-12,2020-05-27,2014,2020,day,5.5,dead,EdgeHTML was a proprietary browser engine used in Microsoft Edge and in Universal Windows Platform (UWP) apps.,https://en.wikipedia.org/wiki/EdgeHTML,killedbymicrosoft.info
Google,Enhanced 404 Pages,service,2008-08-19,2020-05-13,2008,2020,day,11.7,dead,Enhanced 404 Pages was a JavaScript library that added suggested URLs and a search box to a website's 404 Not Found page.,https://webmasters.googleblog.com/2008/08/make-your-404-pages-more-useful.html,killedbygoogle.com
Google,Shoelace,app,2019-06-10,2020-05-12,2019,2020,day,0.9,dead,Shoelace was an app used to find group activities with others who share your interests.,https://9to5google.com/2020/04/28/shoelace-area-120-shutdown/,killedbygoogle.com
Google,Neighbourly,app,2018-05-31,2020-05-12,2018,2020,day,1.9,dead,"Neighbourly was a mobile app designed to help you learn about your neighborhood by asking other residents, and find out about local services and facilities in your area from people who live around you.",https://thenextweb.com/google/2020/04/02/google-is-shutting-down-its-neighbourly-app/,killedbygoogle.com
Microsoft,Wunderlist,app,2010-11-09,2020-05-06,2010,2020,day,9.5,dead,"Wunderlist was a cloud-based task management application, acquired by Microsoft in June 1, 2015.",https://en.wikipedia.org/wiki/Wunderlist,killedbymicrosoft.info
Google,Fabric,service,2014-10-01,2020-05-04,2014,2020,day,5.6,dead,"Fabric was a platform that helped mobile teams build better apps, understand their users, and grow their business.",https://get.fabric.io/roadmap,killedbygoogle.com
Google,Google Contributor,service,2014-11-20,2020-04-23,2014,2020,day,5.4,dead,"Google Contributor was a program run by Google that allowed users in the Google Network of content sites to view the websites without any advertisements that are administered, sorted, and maintained by Google.",https://en.wikipedia.org/wiki/Google_Contributor,killedbygoogle.com
Google,Material Theme Editor,app,2018-05-09,2020-03-19,2018,2020,day,1.9,dead,Material Theme Editor was a plugin for Sketch App which allowed you to create a material-based design system for your app.,https://medium.com/google-design/whats-next-for-material-design-s-theming-tools-f65014ffcce7,killedbygoogle.com
Google,Google Station,service,2015-09-27,2020-02-17,2015,2020,day,4.4,dead,"Google Station was a service that gave partners an easy set of tools to roll out Wi-Fi hotspots in public places. Google Station provided software and guidance on hardware to turn fiber connections into fast, reliable, and safe Wi-Fi zones.",https://india.googleblog.com/2020/02/five-years-400-stations-and-thousands.html,killedbygoogle.com
Google,One Today,app,2013-04-18,2020-02-06,2013,2020,day,6.8,dead,One Today was an app that allowed users to donate $1 to different organizations and discover how their donation would be used.,https://techcrunch.com/2013/04/18/googles-one-today-app-aims-to-make-charitable-donations-a-more-social-and-frequent-experience/,killedbygoogle.com
Google,Androidify,app,2011-02-08,2020-02-06,2011,2020,day,9.0,dead,Androidify allowed users to create a custom Android avatar for themselves and others.,https://9to5google.com/2020/02/06/google-removes-androidify-app/,killedbygoogle.com
Google,Google Fiber TV,service,2012-12-12,2020-02-04,2012,2020,day,7.1,dead,Google Fiber TV was an IPTV service that was bundled with Google Fiber.,https://www.theverge.com/2020/2/4/21123050/google-fiber-tv-package-removed-internet-service-high-speed,killedbygoogle.com
Microsoft,Microsoft Internet Games,service,2000-09-14,2020-01-22,2000,2020,day,19.4,dead,"Microsoft Internet Games was a bundle of online games bundled in Windows Me, XP, and 7.",https://www.reddit.com/r/Games/comments/cbcb59/microsoft_internet_games_shutting_down_july_31/,killedbymicrosoft.info
Microsoft,Remix 3D,service,2016-10-26,2020-01-10,2016,2020,day,3.2,dead,"Remix 3D was a website for users to browse, distribute, and download 3D objects.",https://en.wikipedia.org/wiki/Remix_3D,killedbymicrosoft.info
Apple,Apple TV Remote app,"software, tv",,,2016,2020,year,4,dead,Apple's official iPhone and iPad app for controlling Apple TV. Pulled from the App Store after Apple moved the remote into Control Center.,,killedbyapple.theden.sh
Apple,Network Utility,software,,,2001,2020,year,19,dead,"A Mac app for network diagnostics: ping, traceroute, port scanning, Whois lookups. A staple for sysadmins and power users, deprecated in macOS Big Sur.",,killedbyapple.theden.sh
Apple,Smart Battery Case,"hardware, iphone",,,2015,2020,year,5,dead,"Apple's official iPhone case with a built-in battery, instantly recognizable for the hunchback bulge that broke every other iPhone case design rule. Quietly discontinued in 2020 once MagSafe wireless charging arrived.",https://support.apple.com/en-us/101208,killedbyapple.theden.sh
Apple,iBooks Author,software,,,2012,2020,year,8,dead,"Apple's Mac app for creating interactive ebooks and textbooks. It once looked like the future of digital publishing, then Apple folded its core features into Pages and pulled the app for new users.",https://www.apple.com/newsroom/2012/01/19Apple-Reinvents-Textbooks-with-iBooks-2-for-iPad/,killedbyapple.theden.sh
Google,Field Trip,app,2012-09-27,2019-12-31,2012,2019,day,7.3,dead,Field Trip was a mobile app that acted as a virtual tour guide by cross-referencing multiple sources of information to provide users information about points of interest near them.,https://en.wikipedia.org/wiki/Field_Trip_(application),killedbygoogle.com
Google,AdSense (mobile app),app,2013-07-31,2019-12-31,2013,2019,day,6.4,dead,AdSense (mobile app) allowed users to manage their AdSense accounts in a native app for iOS and Android.,https://9to5google.com/2019/07/15/google-killing-adsense-apps/,killedbygoogle.com
Microsoft,Windows Phone,os,2010-10-21,2019-12-16,2010,2019,day,9.2,dead,Windows Phone was a family of mobile operating systems for smartphones as the replacement successor to Windows Mobile and Zune.,https://en.wikipedia.org/wiki/Windows_Phone,killedbymicrosoft.info
Google,Google Correlate,service,2011-05-25,2019-12-15,2011,2019,day,8.6,dead,Google Correlate was a service that provided users information about how strongly the frequency of multiple search terms correlates with each other over a specified time interval.,https://de.wikipedia.org/wiki/Google_Correlate,killedbygoogle.com
Google,Google Translator Toolkit,service,2009-06-08,2019-12-04,2009,2019,day,10.5,dead,Google Translator Toolkit was a web application which allowed translators to edit and manage translations generated by Google Translate.,https://web.archive.org/web/20191115163453/https://support.google.com/translatortoolkit/answer/9462068,killedbygoogle.com
Google,Google Fusion Tables,service,2009-06-09,2019-12-03,2009,2019,day,10.5,dead,"Google Fusion Tables was a web service for data management that provided a means for visualizing data in different charts, maps, and graphs.",https://en.wikipedia.org/wiki/Google_Fusion_Tables,killedbygoogle.com
Google,Google Bulletin,service,2018-01-26,2019-11-22,2018,2019,day,1.8,dead,Google Bulletin was a hyperlocal news service where users could post news from their neighborhood and allow others in the same areas to hear those stories.,https://www.androidpolice.com/2019/09/26/googles-hyperlocal-news-app-bulletin-is-shutting-down/,killedbygoogle.com
Microsoft,HealthVault,service,2007-10-04,2019-11-20,2007,2019,day,12.1,dead,HealthVault was a web-based personal health record to store and maintain health and fitness information.,https://en.wikipedia.org/wiki/Microsoft_HealthVault,killedbymicrosoft.info
Microsoft,HealthVault Connection Center,app,2007-10-04,2019-11-20,2007,2019,day,12.1,dead,HealthVault Connection Center was a client-side tool to allow users to upload data from personal health devices to the HealthVault service.,https://en.wikipedia.org/wiki/Microsoft_HealthVault,killedbymicrosoft.info
Google,Touring Bird,service,2018-09-18,2019-11-17,2018,2019,day,1.2,dead,"Touring Bird was an Area 120 incubator project which helped users compare prices, book tours, tickets, and experiences, and learn about top destinations around the world.",https://9to5google.com/2019/10/22/google-touring-bird/,killedbygoogle.com
Microsoft,HockeyApp,service,2011-01-01,2019-11-16,2011,2019,day,8.9,dead,"HockeyApp was a mobile beta distribution and crash analytics startup acquired by Microsoft in 2014, until the service got integrated into Visual Studio App Center.",https://devblogs.microsoft.com/appcenter/hockeyapp-is-being-retired/,killedbymicrosoft.info
Google,Game Builder,app,2019-06-13,2019-11-07,2019,2019,day,0.4,dead,Game Builder was a multiplayer 3D game environment for creating new games without coding experience.,https://steamcommunity.com/games/929860/announcements/detail/1608276251516057010,killedbygoogle.com
Google,Datally,app,2017-06-01,2019-10-17,2017,2019,day,2.4,dead,"Datally (formerly Triangle) was a smart app by Google that helped you save, manage, and share your mobile data.",https://thenextweb.com/google/2019/10/17/googles-datally-app-for-saving-on-mobile-data-is-dead/,killedbygoogle.com
Google,Google Clips,hardware,2017-10-04,2019-10-15,2017,2019,day,2.0,dead,Google Clips was a miniature clip-on camera that could automatically capture interesting or relevant video clips determined by machine learning algorithms.,https://en.wikipedia.org/wiki/Google_Clips,killedbygoogle.com
Google,Google Daydream,hardware,2016-11-10,2019-10-15,2016,2019,day,2.9,dead,Google Daydream was a virtual reality platform and set of hardware devices that worked with certain Android phones.,https://en.wikipedia.org/wiki/Google_Daydream,killedbygoogle.com
Google,YouTube Leanback,service,2010-07-07,2019-10-02,2010,2019,day,9.2,dead,YouTube Leanback was an optimized version of YouTube used for television web browsers and WebView application wrappers.,https://9to5google.com/2019/09/16/youtube-leanback-tv-interface-disabled-soon/,killedbygoogle.com
Google,Message Center,service,2013-11-21,2019-10-01,2013,2019,day,5.9,dead,Message Center was a web console where Gmail users could view and manage spam email messages.,https://web.archive.org/web/20200806193905/https://support.google.com/a/answer/9275489,killedbygoogle.com
Google,Follow Your World,service,2011-01-27,2019-09-30,2011,2019,day,8.7,dead,Follow Your World allowed users to register points of interest on Google Maps and receive email updates whenever the imagery was updated.,https://maps.googleblog.com/2011/01/sign-up-for-imagery-update-alert.html,killedbygoogle.com
Google,G Suite Training,service,2013-04-18,2019-09-30,2013,2019,day,6.5,dead,G Suite Training (previously known as Synergyse) provided interactive and video-based training for 20 Google G Suite products in nine languages through a website and a Chrome extension.,https://web.archive.org/web/20190929005809/https://support.google.com/a/answer/7039472,killedbygoogle.com
Google,YouTube Messages,service,2017-08-07,2019-09-18,2017,2019,day,2.1,dead,YouTube Messages was a direct messaging feature that allowed users to share and discuss videos one-on-one and in groups on YouTube.,https://9to5google.com/2019/08/20/youtube-killing-messages,killedbygoogle.com
Google,YouTube for Nintendo 3DS,app,2013-11-29,2019-09-03,2013,2019,day,5.8,dead,YouTube for Nintendo 3DS allowed users to stream YouTube videos on the portable gaming console.,https://9to5google.com/2019/08/26/youtube-nintendo-3ds-app-shut-down/,killedbygoogle.com
Microsoft,Office Remote,app,2013-11-01,2019-09-01,2013,2019,day,5.8,dead,"Office Remote was an app to control Office products such as PowerPoint, Word and Excel from an Android or a Windows Phone.",https://en.wikipedia.org/wiki/Microsoft_mobile_services#Office_Remote,killedbymicrosoft.info
Google,Works with Nest API,service,2014-06-23,2019-08-31,2014,2019,day,5.2,dead,Works with Nest was an API that allowed external services to access and control Nest devices. This enabled the devices to be used with third-party home automation platforms and devices.,https://nest.com/works-with-nest/,killedbygoogle.com
Google,Google Trips,app,2016-09-19,2019-08-05,2016,2019,day,2.9,dead,"Google Trips was a mobile app that allowed users to plan for upcoming travel by facilitating flight, hotel, car, and restaurant reservations from user's email alongside summarized info about the user's destination.",https://en.wikipedia.org/wiki/Google_Trips,killedbygoogle.com
Google,Hangouts on Air,service,2011-09-20,2019-08-01,2011,2019,day,7.9,dead,Hangouts on Air allowed users to host a multi-user video call while recording and streaming the call on YouTube.,https://arstechnica.com/gadgets/2019/06/google-is-killing-youtubes-hangouts-on-air-this-year/,killedbygoogle.com
Google,Personal Blocklist,service,2011-02-01,2019-08-01,2011,2019,day,8.5,dead,Personal Blocklist was a Chrome Web Extension by Google that allowed users to block certain websites from appearing in Google search results.,https://searchengineland.com/google-finally-discontinues-the-blocked-sites-feature-152885,killedbygoogle.com
Google,Dragonfly,service,2018-08-01,2019-07-05,2018,2019,day,0.9,dead,Dragonfly was a search engine designed to be compatible with China's state censorship provisions.,https://en.wikipedia.org/wiki/Dragonfly_(search_engine),killedbygoogle.com
Google,Google Jump,service,2015-05-28,2019-06-28,2015,2019,day,4.1,dead,Google Jump was a cloud-based VR media solution that enabled 3D-360 media production by integrating customized capture solutions with best-in-class automated stitching.,https://en.wikipedia.org/wiki/Google_Jump,killedbygoogle.com
Microsoft,TouchDevelop,app,2011-07-20,2019-06-22,2011,2019,day,7.9,dead,"TouchDevelop was an educational, touch-friendly and cross-platform app for teaching coding to kids.",https://www.microsoft.com/en-us/research/project/touchdevelop/,killedbymicrosoft.info
Google,Blog Compass,app,2018-09-07,2019-06-15,2018,2019,day,0.8,dead,Blog Compass was a blog management tool that integrated with WordPress and Blogger available only in India.,https://9to5google.com/2019/07/15/google-kills-blog-compass/,killedbygoogle.com
Google,Areo,app,2017-04-12,2019-06-14,2017,2019,day,2.2,dead,"Areo was a mobile app that allowed users in Bangalore, Mumbai, Delhi, Gurgaon, and Pune to order meals from nearby restaurants or schedule appointments with local service professionals, including electricians, painters, cleaners, plumbers, and more.",https://techcrunch.com/2017/04/13/google-areo-is-a-new-app-for-ordering-food-or-home-services-in-india/,killedbygoogle.com
Microsoft,Microsoft Band,hardware,2014-10-14,2019-05-31,2014,2019,day,4.6,dead,Microsoft Band was a line of smart bands with smartwatch and activity tracker/fitness tracker features.,https://en.wikipedia.org/wiki/Microsoft_Band,killedbymicrosoft.info
Google,YouTube Gaming,service,2015-08-26,2019-05-30,2015,2019,day,3.8,dead,YouTube Gaming was a video gaming-oriented service and app for videos and live streaming.,https://www.androidpolice.com/2018/09/18/youtube-gaming-standalone-app-shut-march-2019-features-migrate-main-app/,killedbygoogle.com
Google,Google Cloud Messaging (GCM),service,2012-06-27,2019-05-29,2012,2019,day,6.9,dead,Google Cloud Messaging (GCM) was a notification service that enabled developers to send messages between servers and client apps running on Android or Chrome.,https://en.wikipedia.org/wiki/Google_Cloud_Messaging,killedbygoogle.com
Google,Data Saver Extension for Chrome,service,2015-03-23,2019-04-23,2015,2019,day,4.1,dead,Data Saver was an extension for Chrome that routed web pages through Google servers to compress and reduce the user's bandwidth.,https://blog.chromium.org/2019/04/data-saver-is-now-lite-mode.html,killedbygoogle.com
Google,Inbox by Gmail,service,2015-05-28,2019-04-02,2015,2019,day,3.8,dead,Inbox by Gmail aimed to improve email through several key features.,https://en.wikipedia.org/wiki/Inbox_by_Gmail,killedbygoogle.com
Google,Google+,service,2011-06-28,2019-04-02,2011,2019,day,7.8,dead,Google+ was an Internet-based social network.,https://en.wikipedia.org/wiki/Google%2B,killedbygoogle.com
Google,Google URL Shortener,service,2009-12-01,2019-03-30,2009,2019,day,9.3,dead,"Google URL Shortener, also known as goo.gl, was a URL shortening service.",https://en.wikipedia.org/wiki/Google_URL_Shortener,killedbygoogle.com
Google,Google Spotlight Stories,service,2013-10-01,2019-03-13,2013,2019,day,5.4,dead,Google Spotlight Stories was an app and content studio project which created immersive stories for mobile and VR.,https://variety.com/2019/digital/news/google-spotlight-stories-shutting-down-1203163117/,killedbygoogle.com
Google,Google Allo,app,2016-09-21,2019-03-13,2016,2019,day,2.5,dead,"Google Allo was an instant messaging mobile app for Android, iOS, and Web with special features like a virtual assistant and encrypted mode.",https://en.wikipedia.org/wiki/Google_Allo,killedbygoogle.com
Google,Google Notification Widget (Mr. Jingles),service,2015-06-01,2019-03-07,2015,2019,day,3.8,dead,Mr. Jingles (aka Google Notification Widget) displayed alerts and notifications from across multiple Google services.,https://www.engadget.com/2019/02/06/google-is-killing-its-notifications-widget/,killedbygoogle.com
Microsoft,Zo,service,2016-12-06,2019-03-01,2016,2019,day,2.2,dead,"Zo was an English chatbot for the principal social networks and messaging apps, born from the experience gained from previous chatbots such as Tay and Xiaoice.",https://en.wikipedia.org/wiki/Zo_(bot),killedbymicrosoft.info
Microsoft,Virtual Academy,service,2011-01-01,2019-01-31,2011,2019,day,8.1,dead,"Virtual Academy was a free online training area for Microsoft technologies, replaced by Microsoft Learn.",https://wiki.archiveteam.org/index.php/Microsoft_Virtual_Academy,killedbymicrosoft.info
Google,YouTube Video Annotations,service,2008-06-04,2019-01-15,2008,2019,day,10.6,dead,"YouTube Video Annotations allowed video creators to add interactive commentary to their videos containing background information, branching (""choose your own adventure"" style) stories, or links to any YouTube video, channel, or search results page.",https://www.theverge.com/2018/11/27/18114581/youtube-annotations-discontinued-january-2019,killedbygoogle.com
Google,Google Realtime API,service,2013-03-19,2019-01-15,2013,2019,day,5.8,dead,Google Realtime API provided ways to synchronize resources between devices. It operated on files stored on Google Drive.,https://web.archive.org/web/20181220223930/https://developers.google.com/realtime/deprecation,killedbygoogle.com
Google,Chromecast Audio,hardware,2015-09-29,2019-01-11,2015,2019,day,3.3,dead,Chromecast Audio was a device that allowed users to stream audio from any device to any speaker with an audio input.,https://en.wikipedia.org/wiki/Chromecast#Chromecast_Audio,killedbygoogle.com
Microsoft,Home Team,app,2015-10-02,2019-01-01,2015,2019,day,3.2,dead,Home Team was a social app for Windows Phone that helps people find the best local service providers by sharing recommendations with friends and coworkers.,https://mspoweruser.com/microsoft-home-team-app-makes-it-easy-to-find-trusted-local-service-providers/,killedbymicrosoft.info
Apple,iTunes,software,,,2001,2019,year,18,dead,"The app that defined the digital music era, powered the iPod revolution, and built the App Store. After 18 years of bloat, replaced by Music, Podcasts, and TV apps in macOS Catalina.",https://www.apple.com/newsroom/2019/06/apple-previews-macos-catalina/,killedbyapple.theden.sh
Apple,MacBook (12-inch),"mac, hardware",,,2015,2019,year,4,dead,"Apple's thinnest, lightest laptop, with a single USB-C port, fanless design, and a beautiful Retina display. Too compromised for most buyers; too underpowered to justify its price.",https://support.apple.com/en-us/111986,killedbyapple.theden.sh
Apple,32-bit macOS App Support,feature,,,2001,2019,year,18,dead,"macOS Catalina dropped 32-bit app support entirely, breaking thousands of games and legacy applications after one major release of prominent warnings.",https://www.apple.com/newsroom/2019/06/apple-previews-macos-catalina/,killedbyapple.theden.sh
Apple,Texture,service,,,2012,2019,year,7,dead,"A magazine subscription service born as Next Issue and later rebranded Texture, dubbed ""the Netflix of magazines."" Apple acquired it in 2018 and folded the idea into Apple News+.",https://www.apple.com/newsroom/2018/03/apple-to-acquire-digital-magazine-service-texture/,killedbyapple.theden.sh
Apple,3D Touch,"feature, hardware, iphone",,,2015,2019,year,4,dead,"Pressure-sensitive display tech enabling Peek, Pop, and shortcut menus based on press force. Quietly dropped from the iPhone XR in 2018, abandoned entirely with the iPhone 11.",https://www.apple.com/newsroom/2015/09/09Apple-Introduces-iPhone-6s-iPhone-6s-Plus/,killedbyapple.theden.sh
Apple,Mac Pro (Trash Can),"mac, hardware",,,2013,2019,year,6,dead,"The radical cylindrical Mac Pro: striking to look at, thermally compromised inside. Apple went six years without an update and publicly admitted they had ""painted themselves into a corner.""",https://www.apple.com/newsroom/2013/10/23Introducing-the-All-New-Mac-Pro-The-Most-Radical-Mac-Ever/,killedbyapple.theden.sh
Apple,Dashboard,"software, feature",,,2005,2019,year,14,dead,"macOS's dedicated layer of mini-apps called widgets, accessed with a keystroke. Groundbreaking in Tiger, disabled by default years later, and finally removed in macOS Catalina.",https://www.apple.com/newsroom/2004/06/28Apple-Previews-Mac-OS-X-Tiger/,killedbyapple.theden.sh
Apple,AirPower,"hardware, iphone, apple watch",,,2017,2019,year,2,dead,"Apple's wireless charging mat, announced in 2017 to charge iPhone, AirPods, and Apple Watch at once from almost any position. Canceled in 2019 after Apple said it could not meet its own standards.",,killedbyapple.theden.sh
Apple,Back to My Mac,"feature, service",,,2007,2019,year,12,dead,"A remote access feature that used iCloud to find and connect to your Macs over the internet. Magical when it worked, mysterious when it didn't, and gone from all macOS versions in 2019.",https://www.apple.com/newsroom/2007/06/11Apple-Unveils-Near-Final-Mac-OS-X-Leopard/,killedbyapple.theden.sh
Apple,Find My Friends,"software, service",,,2011,2019,year,8,dead,"Apple's standalone location-sharing app for keeping track of friends and family. Merged into the unified Find My app in iOS 13, alongside Find My iPhone.",https://www.apple.com/newsroom/2011/10/04Apple-to-Launch-iCloud-on-October-12/,killedbyapple.theden.sh
Google,Google Search Appliance,hardware,2002-01-01,2018-12-31,2002,2018,day,17.0,dead,Google Search Appliance was a rack-mounted device that provided document indexing functionality.,https://en.wikipedia.org/wiki/Google_Search_Appliance,killedbygoogle.com
Google,Google Nearby Notifications,service,2015-04-01,2018-12-06,2015,2018,day,3.7,dead,Google Nearby Notifications were a proximity marketing tool using Bluetooth beacons and location-based data to serve content relevant to an Android user's real-world location.,https://android-developers.googleblog.com/2018/10/discontinuing-support-for-android.html,killedbygoogle.com
Google,Google Pinyin IME,service,2007-04-04,2018-11-30,2007,2018,day,11.7,dead,"Google Pinyin IME was an input method that allowed users on multiple operating systems to input characters from pinyin, the romanization of Standard Mandarin Chinese.",https://en.wikipedia.org/wiki/Google_Pinyin,killedbygoogle.com
Google,Google News & Weather,app,2016-09-12,2018-10-16,2016,2018,day,2.1,dead,Google News & Weather was a news aggregator application available on the Android and iOS operating systems.,https://en.wikipedia.org/wiki/Google_News_%26_Weather,killedbygoogle.com
Google,Reply,app,2018-02-01,2018-10-11,2018,2018,day,0.7,dead,Reply was a mobile app that let users insert Smart Replies (pre-defined replies) into conversations on messaging apps.,https://en.wikipedia.org/wiki/Reply_(Google),killedbygoogle.com
Microsoft,Windows MultiPoint Server,os,2010-05-13,2018-10-09,2010,2018,day,8.4,dead,Windows MultiPoint Server was an operating system based on Microsoft Windows Server using Remote Desktop Services technology to host multiple simultaneous independent computing stations or terminals connected to a single computer (multiseat computing).,https://en.wikipedia.org/wiki/Windows_MultiPoint_Server,killedbymicrosoft.info
Microsoft,TruePlay,service,2017-10-11,2018-10-02,2017,2018,day,1.0,dead,TruePlay was an anti-cheat feature of Windows 10 to add an extra level of protection for videogames.,https://learn.microsoft.com/en-us/uwp/api/windows.gaming.ui.gamemonitor?view=winrt-17134,killedbymicrosoft.info
Microsoft,Minecraft: Apple TV Edition,app,2016-12-19,2018-09-24,2016,2018,day,1.8,dead,Minecraft: Apple TV Edition was the version of Bedrock Edition designed to run on tvOS.,https://en.wikipedia.org/wiki/Minecraft,killedbymicrosoft.info
Google,Tez,service,2017-09-19,2018-08-28,2017,2018,day,0.9,dead,"Tez was a mobile payments service by Google, targeted at users in India. It was rebranded to Google Pay.",https://en.wikipedia.org/wiki/Tez_(software),killedbygoogle.com
Google,Google Goggles,service,2010-10-05,2018-08-20,2010,2018,day,7.9,dead,Google Goggles was used for searches based on pictures taken by handheld devices.,https://en.wikipedia.org/wiki/Google_Goggles,killedbygoogle.com
Google,Save to Google Chrome Extension,service,2016-04-14,2018-08-15,2016,2018,day,2.3,dead,Save to Google Chrome Extension enabled you to quickly save a page link with image and tags to a Pocket-like app.,https://9to5google.com/2018/07/22/google-kills-save-to-google-chrome-material-theme/,killedbygoogle.com
Microsoft,Windows Sets,app,2018-01-01,2018-06-01,2018,2018,day,0.4,dead,"Windows Sets was supposed to be a feature of Windows that allowed all of your apps to be forced into tabs, so you could have different apps next to each other in the same window.",https://www.techadvisor.com/article/732535/what-is-windows-sets.html,killedbymicrosoft.info
Google,Google Play Newsstand,app,2013-11-20,2018-05-08,2013,2018,day,4.5,dead,Google Play Newsstand was a news aggregator and digital newsstand service.,https://en.wikipedia.org/wiki/Google_Play_Newsstand,killedbygoogle.com
Google,Encrypted Search,service,2010-05-31,2018-04-30,2010,2018,day,7.9,dead,Encrypted Search provided users with anonymous internet searching.,https://en.wikipedia.org/wiki/Google_Search#Dedicated_encrypted_search_page,killedbygoogle.com
Google,Google Cloud Prediction API,service,2010-05-31,2018-04-30,2010,2018,day,7.9,dead,"Google Cloud Prediction API was a PaaS for machine learning (ML) functionality to help developers build ML models to create application features such as recommendation systems, spam detection, and purchase prediction.",https://www.infoq.com/news/2017/06/google-drops-prediction-api/,killedbygoogle.com
Microsoft,Office Excel Viewer,app,1997-02-27,2018-04-30,1997,2018,day,21.2,dead,Microsoft Excel Viewer was a freeware program for viewing and printing spreadsheet documents created by Excel.,https://en.wikipedia.org/wiki/Microsoft_Excel#Microsoft_Excel_Viewer,killedbymicrosoft.info
Microsoft,Office PowerPoint Viewer,app,1992-08-30,2018-04-30,1992,2018,day,25.7,dead,"PowerPoint Viewer was a free application to be used on computers without PowerPoint installed, to view, project, or print (but not create or edit) presentations.",https://en.wikipedia.org/wiki/Microsoft_PowerPoint#PowerPoint_Viewer,killedbymicrosoft.info
Google,qpx-express-API,service,2010-07-01,2018-04-10,2010,2018,day,7.8,dead,"A service that Google developed for long-tail travel clients. ITA Software will create a new, easier way for users to find better flight information online, which should encourage more users to make their flight purchases online.",https://web.archive.org/web/20190402190950/https://developers.google.com/qpx-express/,killedbygoogle.com
Google,Google Site Search,service,2008-11-13,2018-04-01,2008,2018,day,9.4,dead,Google's Site Search was a service that enabled any website to add a custom search field powered by Google.,https://web.archive.org/web/20180804001326/https://enterprise.google.com/search/products/gss.html,killedbygoogle.com
Google,reCAPTCHA Mailhide,service,2010-04-01,2018-03-31,2010,2018,day,8.0,dead,reCAPTCHA Mailhide allowed users to mask their email address behind a captcha to prevent robots from scraping the email and sending spam.,https://github.com/google/recaptcha/issues/221#issuecomment-409586455,killedbygoogle.com
Microsoft,Microsoft Classroom,service,2016-04-01,2018-01-31,2016,2018,day,1.8,dead,Microsoft Classroom was an online learning platform for schools that aimed to simplify grading assignments and student communication in a paperless way.,https://en.wikipedia.org/wiki/Microsoft_Classroom,killedbymicrosoft.info
Google,SoundStage,service,2016-06-30,2018-01-12,2016,2018,day,1.5,dead,SoundStage was a virtual reality music sandbox built specifically for room-scale VR.,https://github.com/googlearchive/soundstagevr,killedbygoogle.com
Apple,AirPort Express,hardware,,,2004,2018,year,14,dead,"Apple's compact Wi-Fi router that doubled as a wired AirPlay audio receiver, beloved by people who wanted wireless audio without replacing their speakers. Gone with the rest of the AirPort line.",https://www.apple.com/newsroom/2008/03/17Apple-Introduces-New-AirPort-Express-with-802-11n/,killedbyapple.theden.sh
Apple,AirPort Extreme,hardware,,,2003,2018,year,15,dead,"Apple's flagship home Wi-Fi router, later redesigned into a striking vertical tower. Discontinued as Apple exited the router business entirely.",https://www.apple.com/newsroom/2003/01/07Apple-Delivers-AirPort-Extreme-802-11g-Wireless-Networking/,killedbyapple.theden.sh
Apple,Time Capsule,hardware,,,2008,2018,year,10,dead,"A Wi-Fi router with a built-in hard drive for automatic, wireless Time Machine backups. An elegant hardware solution to an everyday problem, killed alongside the AirPort line.",https://www.apple.com/newsroom/2008/01/15Apple-Announces-Time-Capsule/,killedbyapple.theden.sh
Apple,iPhone X,"hardware, iphone",,,2017,2018,year,1,dead,"Apple's tenth-anniversary iPhone, the first with Face ID and an edge-to-edge OLED display. Discontinued exactly one year after launch, an unusually short lifespan for a flagship iPhone.",https://www.apple.com/newsroom/2017/09/the-future-is-here-iphone-x/,killedbyapple.theden.sh
Microsoft,Groove Music Pass,service,2006-11-14,2017-12-31,2006,2017,day,11.1,dead,"Groove Music Pass (formerly Xbox Music Pass and, before, Zune Music Pass) was a music subscription service, which allows subscribers to download an unlimited number of songs for as long as their subscription is active.",https://en.wikipedia.org/wiki/Groove_Music,killedbymicrosoft.info
Google,Project Tango,service,2014-12-01,2017-12-15,2014,2017,day,3.0,dead,Project Tango was an API for augmented reality apps that was killed and replaced by ARCore.,https://en.wikipedia.org/wiki/Tango_(platform),killedbygoogle.com
Microsoft,Office Word Viewer,app,1995-03-20,2017-11-30,1995,2017,day,22.7,dead,Microsoft Word Viewer was a freeware program for Microsoft Windows to display and print Microsoft Word documents.,https://en.wikipedia.org/wiki/Microsoft_Word_Viewer,killedbymicrosoft.info
Google,Google Portfolios,service,2006-03-21,2017-11-15,2006,2017,day,11.7,dead,Portfolios was a feature available in Google Finance to track personal financial securities.,https://en.wikipedia.org/wiki/Google_Finance,killedbygoogle.com
Microsoft,Microsoft Kinect,hardware,2010-11-04,2017-10-25,2010,2017,day,7.0,dead,Kinect was a line of motion sensing input devices for Windows and Xbox consoles.,https://en.wikipedia.org/wiki/Kinect,killedbymicrosoft.info
Microsoft,Lumia,hardware,2011-11-01,2017-10-01,2011,2017,day,5.9,dead,Microsoft Lumia (previously the Nokia Lumia Series) was a line of mobile devices that was originally designed and marketed by Nokia and later by Microsoft Mobile.,https://en.wikipedia.org/wiki/Microsoft_Lumia,killedbymicrosoft.info
Microsoft,CodePlex,service,2006-05-01,2017-10-01,2006,2017,day,11.4,dead,"CodePlex was a hosting platform for open-source software, offering features such as support to different VCS systems, wiki pages, statistics, and releases.",https://en.wikipedia.org/wiki/CodePlex,killedbymicrosoft.info
Google,YouTube Video Editor,service,2010-06-15,2017-09-20,2010,2017,day,7.3,dead,"YouTube Video Editor was a web-based tool for editing, merging, and adding special effects to video content.",https://mashable.com/2017/07/23/youtube-kills-video-editor-tool/,killedbygoogle.com
Google,Trendalyzer,service,2007-03-01,2017-09-01,2007,2017,day,10.5,dead,Trendalyzer was a data trend viewing platform.,https://en.wikipedia.org/wiki/Trendalyzer,killedbygoogle.com
Microsoft,Stand-alone phones for Skype,hardware,2005-10-10,2017-08-01,2005,2017,day,11.8,dead,"Skype landline phones, cordless DECT phones, and analog telephone adapters (ATA) were phones to use skype network and account without the need of a PC or a smartphone.",https://bit-tech.net/news/tech/linksys_dect_cit200/1/,killedbymicrosoft.info
Microsoft,Xbox Fitness,service,2013-11-22,2017-07-01,2013,2017,day,3.6,dead,Xbox Fitness was an online service that took the world’s best fitness videos and made them interactive with the power of Xbox One.,https://en.wikipedia.org/wiki/Xbox_Fitness,killedbymicrosoft.info
Google,Glass OS,service,2013-04-11,2017-06-20,2013,2017,day,4.2,dead,Glass OS (Google XE) was a version of Google's Android operating system designed for Google Glass.,https://en.wikipedia.org/wiki/Glass_OS,killedbygoogle.com
Google,Google Map Maker,service,2008-06-23,2017-03-31,2008,2017,day,8.8,dead,Google Map Maker was a mapping and map editing service where users were able to draw features directly onto a map.,https://en.wikipedia.org/wiki/Google_Map_Maker,killedbygoogle.com
Microsoft,So.cl,service,2012-12-04,2017-03-15,2012,2017,day,4.3,dead,"So.cl (pronounced ""social"") was a social networking service and social search engine operated by Microsoft FUSE Labs.",https://en.wikipedia.org/wiki/So.cl,killedbymicrosoft.info
Google,Chromebook Pixel,hardware,2013-02-21,2017-03-01,2013,2017,day,4.0,dead,"Chromebook Pixel was a first-of-its-kind laptop built by Google that ran Chrome OS, a Linux kernel-based operating system.",https://en.wikipedia.org/wiki/Chromebook_Pixel,killedbygoogle.com
Google,Google Spaces,service,2016-05-16,2017-02-16,2016,2017,day,0.8,dead,Google Spaces was an app for group discussions and messaging.,https://en.wikipedia.org/wiki/Google_Spaces_(service),killedbygoogle.com
Google,Google Hands Free,service,2016-03-02,2017-02-08,2016,2017,day,0.9,dead,Google Hands Free was a mobile payment system that allowed users to pay their bill using Bluetooth to connect to payment terminals by saying 'I'll pay with Google.',https://www.slashgear.com/google-shutting-down-hands-free-next-week-02473609/,killedbygoogle.com
Microsoft,Microsoft PhotoSynth,app,2008-08-20,2017-02-06,2008,2017,day,8.5,dead,Microsoft PhotoSynth was a program that generates a three-dimensional model and a point cloud from 2D photos.,https://en.wikipedia.org/wiki/Photosynth,killedbymicrosoft.info
Google,Build with Chrome,service,2014-01-28,2017-01-31,2014,2017,day,3.0,dead,Build with Chrome was a collaboration between Chrome and the LEGO Group that allowed users to build and publish LEGO creations to any digital plot of land in the world through Google Maps.,https://brickipedia.fandom.com/wiki/Build_with_Chrome,killedbygoogle.com
Microsoft,Windows Movie Maker,app,2000-09-14,2017-01-17,2000,2017,day,16.3,dead,Windows Movie Maker (later rebranded as Windows Live Movie Maker) was a video editing software program for home users.,https://en.wikipedia.org/wiki/Windows_Movie_Maker,killedbymicrosoft.info
Microsoft,Microsoft Essentials,service,2008-08-25,2017-01-10,2008,2017,day,8.4,dead,"Windows Essentials (formerly Windows Live Essentials and Windows Live Installer) is a discontinued suite of freeware applications that includes email, instant messaging, photo sharing, blogging, and parental control software and it was part of Live brand.",https://en.wikipedia.org/wiki/Windows_Essentials,killedbymicrosoft.info
Microsoft,Visual Studio LightSwitch,app,2011-07-26,2017-01-10,2011,2017,day,5.5,dead,Visual Studio LightSwitch was an extension and framework specifically tailored for creating line-of-business applications built on existing .NET technologies.,https://en.wikipedia.org/wiki/Microsoft_Visual_Studio#Visual_Studio_LightSwitch,killedbymicrosoft.info
Microsoft,Windows Photo Gallery,app,2003-06-02,2017-01-10,2003,2017,day,13.6,dead,"Windows Photo Gallery (formerly known as Windows Live Photo Gallery) was an image organizer, photo editor and photo sharing program and it was part of Windows Essentials software suite.",https://en.wikipedia.org/wiki/Windows_Photo_Gallery,killedbymicrosoft.info
Microsoft,Windows Live Mail,app,2007-11-06,2017-01-10,2007,2017,day,9.2,dead,"Windows Live Mail (formerly named Windows Live Mail Desktop) was a freeware email client designed (but not limited) to use the proprietary DeltaSync protocol and it was the successor to Windows Mail in Windows Vista, which, in turn, was the successor to Outlook Express in Windows XP/98.",https://en.wikipedia.org/wiki/Windows_Live_Mail,killedbymicrosoft.info
Google,Gesture Search,app,2010-03-03,2017-01-01,2010,2017,day,6.8,dead,"Google Gesture Search allowed users to search contacts, applications, settings, music, and bookmark on their Android device by drawing letters or numbers onto the screen.",https://en.wikipedia.org/wiki/Google_Gesture_Search,killedbygoogle.com
Apple,32-bit iOS App Support,"feature, iphone, ipad",,,2007,2017,year,10,dead,"iOS 11 dropped support for 32-bit apps, rendering thousands of older games and apps permanently unplayable on updated devices. Many developers had already moved on; many users had not.",https://developer.apple.com/news/?id=06282017b,killedbyapple.theden.sh
Apple,iPod nano,"hardware, ipod",,,2005,2017,year,12,dead,"The ultra-thin, colorful iPod that evolved through seven generations and countless designs. A design icon of the 2000s and 2010s, killed alongside its sibling with no ceremony.",https://www.apple.com/newsroom/2005/09/07Apple-Introduces-iPod-nano/,killedbyapple.theden.sh
Apple,iPod shuffle,"hardware, ipod",,,2005,2017,year,12,dead,"The tiny clip-on music player with no screen, just shuffle. Simple, cheap, and genuinely fun. The only music player you could wear like a badge.",https://www.apple.com/newsroom/2005/01/11Apple-Introduces-iPod-shuffle/,killedbyapple.theden.sh
Apple,iTunes Festival,service,,,2007,2017,year,10,dead,"Apple's annual month-long free concert series at London's Roundhouse, featuring artists from Adele to Pharrell streamed live to iTunes users. Renamed Apple Music Festival in 2015 and quietly ended after the 2016 season.",,killedbyapple.theden.sh
Google,Panoramio,service,2005-10-23,2016-11-04,2005,2016,day,11.0,dead,Panoramio was a geo-location tagging and photo sharing product.,https://en.wikipedia.org/wiki/Panoramio,killedbygoogle.com
Google,Google Showtimes,service,2005-09-23,2016-11-01,2005,2016,day,11.1,dead,Google Showtimes was a standalone movie search result page.,https://techcrunch.com/2016/11/07/google-quietly-shutters-standalone-google-showtimes-movie-site/,killedbygoogle.com
Google,Pixate,app,2012-05-01,2016-10-31,2012,2016,day,4.5,dead,"Pixate was a platform for creating sophisticated animations and interactions, and refining your designs through 100% native prototypes for iOS and Android.",https://techcrunch.com/2015/07/21/google-acquires-mobile-app-prototyping-tool-pixate/,killedbygoogle.com
Microsoft,Microsoft WebMatrix,app,2003-01-01,2016-10-28,2003,2016,day,13.8,dead,"Microsoft WebMatrix was a cloud-connected website builder and HTML editor for Windows, geared towards web development.",https://en.wikipedia.org/wiki/Microsoft_WebMatrix,killedbymicrosoft.info
Google,Google Nexus,hardware,2010-01-05,2016-10-04,2010,2016,day,6.7,dead,"Google Nexus was Google's line of flagship Android phones, tablets, and accessories.",https://en.wikipedia.org/wiki/Google_Nexus,killedbygoogle.com
Google,Together,app,2015-08-20,2016-09-30,2015,2016,day,1.1,dead,Together was a watch face for Android Wear that let two users link their watches together to share small visual messages.,http://web.archive.org/web/20160417063132/https://www.android.com/wear/together/,killedbygoogle.com
Microsoft,Sunrise Calendar,app,2013-02-19,2016-09-13,2013,2016,day,3.6,dead,"Sunrise Calendar was a calendar application for web, mobile and desktop, featuring live aggregation of calendars from multiple sources.",https://en.wikipedia.org/wiki/Sunrise_Calendar,killedbymicrosoft.info
Google,Project Ara,hardware,2013-10-29,2016-09-02,2013,2016,day,2.8,dead,Project Ara was a modular smartphone project under development by Google.,https://en.wikipedia.org/wiki/Project_Ara,killedbygoogle.com
Google,Web Hosting in Google Drive,service,2012-11-28,2016-08-31,2012,2016,day,3.8,dead,"Web hosting in Google Drive allowed users to publish live websites by uploading HTML, CSS, and other files.",https://gsuite-developers.googleblog.com/2015/08/deprecating-web-hosting-support-in.html,killedbygoogle.com
Microsoft,Windows Journal,app,2002-01-01,2016-08-09,2002,2016,day,14.6,dead,"Windows Journal was an application to create and organize handwritten notes and drawing, included in Windows XP Tablet PC Edition as well as select editions of Windows Vista and later.",https://en.wikipedia.org/wiki/Windows_Journal,killedbymicrosoft.info
Microsoft,Microsoft SharePoint Designer,app,2006-11-30,2016-08-02,2006,2016,day,9.7,dead,"Microsoft SharePoint Designer (SPD), formerly known as Microsoft Office SharePoint Designer, was an HTML editor freeware for creating or modifying Microsoft SharePoint sites, workflows and web pages.",https://en.wikipedia.org/wiki/Microsoft_SharePoint_Designer,killedbymicrosoft.info
Google,Google Swiffy,service,2011-07-01,2016-07-01,2011,2016,day,5.0,dead,Google Swiffy was a web-based tool that converted SWF files to HTML5.,https://en.wikipedia.org/wiki/Google_Swiffy,killedbygoogle.com
Google,Google Wallet Card,hardware,2013-11-01,2016-06-30,2013,2016,day,2.7,dead,Google Wallet Card was a prepaid debit card that let users pay for things in person and online using their Wallet balance at any retailer that accepted MasterCard.,https://www.androidauthority.com/google-wallet-cards-stop-working-june-30-683270/,killedbygoogle.com
Google,Nexus Player,hardware,2014-11-03,2016-05-24,2014,2016,day,1.6,dead,"Nexus Player was a digital media player that allowed users to play music, watch video originating from Internet services or a local network, and play games.",https://en.wikipedia.org/wiki/Nexus_Player,killedbygoogle.com
Google,Revolv,hardware,2012-05-02,2016-05-15,2012,2016,day,4.0,dead,Revolv was a monitoring and control system that allowed users to control their connected devices from a single hub.,https://www.zdnet.com/article/revolv-is-dead-google-killed-it-long-live-innovation/,killedbygoogle.com
Microsoft,Microsoft InfoPath,app,2003-11-19,2016-05-03,2003,2016,day,12.5,dead,"Microsoft InfoPath was an application for designing, distributing, filling and submitting electronic forms containing structured data.",https://en.wikipedia.org/wiki/Microsoft_InfoPath,killedbymicrosoft.info
Google,Freebase,service,2007-03-03,2016-05-02,2007,2016,day,9.2,dead,"Freebase was a large collaborative knowledge base consisting of structured data composed mainly by its community members, developed by Metaweb(acquired by Google).",https://en.wikipedia.org/wiki/Freebase,killedbygoogle.com
Google,Google Now,service,2012-07-09,2016-05-02,2012,2016,day,3.8,dead,Google Now was a feature of Google Search that offered predictive cards with information and daily updates in Chrome and the Google app for Android and iOS.,https://en.wikipedia.org/wiki/Google_Now,killedbygoogle.com
Google,MyTracks,app,2009-02-12,2016-04-30,2009,2016,day,7.2,dead,"MyTracks was a GPS tracking application for Android which allowed users to track their path, speed, distance, and elevation.",https://en.wikipedia.org/wiki/MyTracks,killedbygoogle.com
Google,uWeave,app,2015-12-07,2016-04-01,2015,2016,day,0.3,dead,uWeave (pronounced “micro weave”) was an implementation of the Weave protocol intended for use on microcontroller-based devices.,https://weave.googlesource.com/weave/libweave/+log/master/third_party/libuweave,killedbygoogle.com
Microsoft,Tay,service,2016-03-23,2016-03-24,2016,2016,day,0.0,dead,Tay was a chatbot that was shutdown after only 16 hours since it began to post inflammatory and offensive tweets through its Twitter account.,https://en.wikipedia.org/wiki/Tay_(bot),killedbymicrosoft.info
Google,Google Compare,service,2015-01-01,2016-03-01,2015,2016,day,1.2,dead,"Google Compare allowed consumers to compare several offers ranging from insurance, mortgage, and credit cards.",https://www.gadgetsnow.com/year-in-review-2016/Google-Compare/yearendershow2016/55617272.cms,killedbygoogle.com
Google,Google Maps Coordinate,service,2012-06-21,2016-02-21,2012,2016,day,3.7,dead,Google Maps Coordinate was a service for managing mobile workforces with the help of mobile apps and a web-based dashboard.,https://techcrunch.com/2015/01/21/google-shuts-down-maps-coordinate-its-mobile-workforce-management-service/,killedbygoogle.com
Google,Pie,service,2013-06-01,2016-02-18,2013,2016,day,2.7,dead,Pie was a work-centric group chat website and app comparable to Slack.,https://www.pie.co,killedbygoogle.com
Google,Google Maps Engine,service,2013-07-01,2016-02-01,2013,2016,day,2.6,dead,Google Maps Engine was an online tool for map creation. It enabled you to create layered maps using your data as well as Google Maps data.,https://mangomap.com/blog/the-end-of-google-maps-engine-causes-mass-confusion/,killedbygoogle.com
Google,Songza,service,2007-11-08,2016-01-31,2007,2016,day,8.2,dead,Songza was a free music streaming service that would recommend its users' various playlists based on time of day and mood or activity.,https://en.wikipedia.org/wiki/Songza,killedbygoogle.com
Google,Google Code,service,2005-03-17,2016-01-15,2005,2016,day,10.8,dead,"Google Code was a service that provided revision control, an issue tracker, and a wiki for code documentation.",https://en.wikipedia.org/wiki/Google_Developers#Google_Code,killedbygoogle.com
Apple,iAd,service,,,2010,2016,year,6,dead,"Apple's mobile advertising platform. Steve Jobs said it would ""reinvent"" mobile advertising. It never seriously challenged Google, and Apple shut the network down after six quiet years.",https://developer.apple.com/news/?id=01152016a,killedbyapple.theden.sh
Apple,iPhone Headphone Jack,"feature, hardware, iphone",,,2007,2016,year,9,dead,"The 3.5mm audio port was present on every iPhone for 9 years. Apple called its removal ""courageous"" in 2016 and included a Lightning adapter in the box. The box no longer ships.",https://www.apple.com/newsroom/2016/09/apple-introduces-iphone-7-iphone-7-plus/,killedbyapple.theden.sh
Apple,QuickTime for Windows,software,,,1994,2016,year,22,dead,"Apple's media player for Windows, kept alive for over 20 years. Killed in 2016 with critical security vulnerabilities still unpatched. Users were advised to uninstall immediately.",https://support.apple.com/en-us/106375,killedbyapple.theden.sh
Apple,Thunderbolt Display,hardware,,,2011,2016,year,5,dead,"Apple's last standalone external monitor before the Pro Display XDR. Discontinued in 2016 without a direct Apple replacement, leaving pro Mac users waiting until 2019.",https://www.apple.com/newsroom/2011/07/20Apple-Introduces-Worlds-First-Thunderbolt-Display/,killedbyapple.theden.sh
Apple,WebObjects,software,,,1996,2016,year,20,dead,A powerful web application server born at NeXT that Apple used to run the iTunes Store. Quietly deprecated in 2016 with no migration path for the enterprise customers who relied on it.,https://www.apple.com/newsroom/2000/03/01Apple-Delivers-WebObjects-4-5/,killedbyapple.theden.sh
Apple,Game Center app,"software, service",,,2010,2016,year,6,dead,"Apple's standalone iOS app for achievements, leaderboards, and multiplayer matchmaking. The service survived, but the app was removed in iOS 10 after years of neglect.",https://www.apple.com/newsroom/2010/09/01Apple-Introduces-New-iPod-touch/,killedbyapple.theden.sh
Apple,Apple TV (3rd gen),"hardware, tv",,,2012,2016,year,4,dead,"The streaming set-top box that never got an App Store. It played video and little else, and lingered as the cheaper Apple TV until Apple finally discontinued it in 2016.",https://support.apple.com/kb/SP648,killedbyapple.theden.sh
Apple,iTunes Radio,service,,,2013,2016,year,3,dead,"Apple's free ad-supported streaming radio service, built into iTunes and iOS. A direct Pandora rival, folded into Apple Music within three years without so much as a goodbye.",https://www.apple.com/newsroom/2013/06/10Apple-Announces-iTunes-Radio/,killedbyapple.theden.sh
Apple,Apple Watch (Series 0),"hardware, apple watch",,,2015,2016,year,1,dead,"The original Apple Watch, launched in 2015 amid breathless hype as the future of wearables. Sluggish and short on battery, it was retroactively nicknamed 'Series 0' once Series 1 arrived.",https://www.apple.com/newsroom/2015/03/09Apple-Watch-Available-in-Nine-Countries-on-April-24/,killedbyapple.theden.sh
Apple,FireWire,"feature, hardware",,,1999,2016,year,17,dead,"Apple's high-speed serial bus for digital video and audio professionals. Faster than USB at launch, eventually beaten by cheaper USB and Thunderbolt, and gone from the last Mac with built-in FireWire by 2016.",,killedbyapple.theden.sh
Apple,MagSafe (laptop),"feature, hardware",,,2006,2016,year,10,dead,"The magnetic power connector that detached harmlessly when someone tripped over the cable, saving countless MacBooks from broken ports. Removed in 2016 for USB-C, then restored on MacBook Pro five years later.",https://www.apple.com/newsroom/2006/01/10Apple-Introduces-MacBook-Pro/,killedbyapple.theden.sh
Apple,MacBook Air (11-inch),"mac, hardware",,,2010,2016,year,6,dead,"The tiny wedge-shaped MacBook Air that felt like a netbook from a better universe. Loved by travelers, students, and writers, then axed as Apple pushed larger Retina notebooks.",https://www.apple.com/newsroom/2010/10/20Apple-Reinvents-Notebooks-With-New-MacBook-Air/,killedbyapple.theden.sh
Apple,Apple Watch Edition (gold),"hardware, apple watch",,,2015,2016,year,1,dead,The original luxury Apple Watch made from 18-karat gold and sold for five-figure prices. Apple quietly retreated from the jewelry-store strategy and replaced it with ceramic.,https://www.apple.com/newsroom/2015/03/09Apple-Watch-Available-in-Nine-Countries-on-April-24/,killedbyapple.theden.sh
Google,Google Blog Search API,service,2005-09-14,2015-12-21,2005,2015,day,10.3,dead,Google Blog Search API was a way to search blogs utilizing Google.,https://en.wikipedia.org/wiki/Google_Blog_Search,killedbygoogle.com
Google,Google Earth Browser Plug-in,service,2008-05-28,2015-12-12,2008,2015,day,7.5,dead,Google Earth Browser Plug-in allowed developers to embed Google Earth into web pages and included a JavaScript API for custom 3D drawing and interaction.,https://en.wikipedia.org/wiki/Google_Earth#Google_Earth_Plug-in,killedbygoogle.com
Google,Timeful,app,2012-01-01,2015-12-11,2012,2015,day,3.9,dead,"Timeful was an iOS to-do list and calendar application, developed to reinvent the way that people manage their most precious resource of time.",https://www.crunchbase.com/organization/timeful#section-overview,killedbygoogle.com
Microsoft,Microsoft Forefront,app,2007-01-01,2015-12-01,2007,2015,day,8.9,dead,"Microsoft Forefront was a family of line-of-business security software designed to help protect computer networks, network servers and individual devices, which underlying technology was acquired from Sybari in 2005.",https://en.wikipedia.org/wiki/Microsoft_Forefront,killedbymicrosoft.info
Google,Picasa,service,2002-10-15,2015-10-09,2002,2015,day,13.0,dead,Picasa was an image organizer and image viewer for organizing and editing digital photos.,https://en.wikipedia.org/wiki/Picasa,killedbygoogle.com
Google,Google Flu Trends,service,2008-11-01,2015-08-20,2008,2015,day,6.8,dead,Google Flu Trends was a service attempting to make accurate predictions about flu activity.,https://en.wikipedia.org/wiki/Google_Flu_Trends,killedbygoogle.com
Google,Google Catalogs,service,2011-08-16,2015-08-04,2011,2015,day,4.0,dead,Google Catalogs was a shopping application that delivered the virtual catalogs of large retailers to users.,https://en.wikipedia.org/wiki/Google_Catalogs,killedbygoogle.com
Google,Google Moderator,service,2008-09-01,2015-06-30,2008,2015,day,6.8,dead,"Google Moderator was a service that used crowdsourcing to rank user-submitted questions, suggestions, and ideas.",https://en.wikipedia.org/wiki/Google_Moderator,killedbygoogle.com
Google,Android @ Home,service,2011-05-10,2015-05-22,2011,2015,day,4.0,dead,"Android @ Home allowed a user’s device to discover, connect, and communicate with devices and appliances in the home.",https://bgr.com/2011/05/10/google-announces-android-home/,killedbygoogle.com
Microsoft,Windows Media Center,service,2002-01-01,2015-05-01,2002,2015,day,13.3,dead,Windows Media Center was a digital video recorder and media player for Windows.,https://en.wikipedia.org/wiki/Windows_Media_Center,killedbymicrosoft.info
Google,Google Helpouts,service,2013-11-15,2015-04-20,2013,2015,day,1.4,dead,Google Helpouts was an online collaboration service where users could share their expertise through live video.,https://en.wikipedia.org/wiki/Google_Helpouts,killedbygoogle.com
Microsoft,Microsoft Forefront Threat Management Gateway,app,1997-01-01,2015-04-14,1997,2015,day,18.3,dead,"Microsoft Forefront Threat Management Gateway (Forefront TMG), formerly known as Microsoft Internet Security and Acceleration Server (ISA Server), and Microsoft Proxy Server, was a network router, firewall, antivirus program, VPN server and web cache for Windows Server.",https://en.wikipedia.org/wiki/Microsoft_Forefront_Threat_Management_Gateway,killedbymicrosoft.info
Google,YouTube for PS Vita,app,2012-06-26,2015-03-20,2012,2015,day,2.7,dead,YouTube for PlayStation Vita was a native YouTube browsing and viewing application for the PS Vita and PSTV game consoles.,https://www.ign.com/articles/2015/01/28/sony-to-end-ps-vita-support-for-maps-near-and-youtube,killedbygoogle.com
Google,BebaPay,service,2013-04-30,2015-03-15,2013,2015,day,1.9,dead,"BebaPay was a form of electronic ticketing platform in Nairobi, Kenya that was developed by Google in partnership with Equity Bank.",https://en.wikipedia.org/wiki/BebaPay,killedbygoogle.com
Google,Google Play Edition,hardware,2013-05-15,2015-01-18,2013,2015,day,1.7,dead,Google Play Edition devices were a series of Android smartphones and tablets sold by Google.,https://arstechnica.com/gadgets/2015/01/dont-cry-for-the-google-play-edition-program-it-was-already-dead/,killedbygoogle.com
Google,Google Glass Explorer Edition,hardware,2013-04-15,2015-01-15,2013,2015,day,1.8,dead,Google Glass Explorer Edition was a wearable computer with an optical head-mounted display and camera that allows the wearer to interact with various applications and the Internet via natural language voice commands.,https://en.wikipedia.org/wiki/Google_Glass,killedbygoogle.com
Google,Word Lens,app,2010-12-06,2015-01-14,2010,2015,day,4.1,dead,Word Lens translated text in real time on images by using the viewfinder of a device's camera without the need of an internet connection; The technology was rolled into Google Translate.,https://en.wikipedia.org/wiki/Word_Lens,killedbygoogle.com
Apple,Apple Wireless Keyboard,hardware,,,2003,2015,year,12,dead,"Apple's long-running Bluetooth desktop keyboard line, from the chunky white full-size model to the slim aluminum version that shipped with iMacs for years. It finally lost its name when Apple rebooted the accessory lineup as Magic Keyboard.",https://www.apple.com/newsroom/2003/09/16Apple-Introduces-Wireless-Keyboard-Mouse/,killedbyapple.theden.sh
Apple,Aperture,software,,,2005,2015,year,10,dead,"Apple's professional photo management and RAW editing suite, and Lightroom's closest rival for years. Killed in favor of Photos, which launched without many of Aperture's pro features.",https://www.apple.com/newsroom/2005/10/19Apple-Introduces-Aperture/,killedbyapple.theden.sh
Apple,Beats Music,service,,,2014,2015,year,1,dead,"Dr. Dre and Jimmy Iovine's streaming service, praised for human-curated playlists. Apple acquired Beats for $3 billion and shut Beats Music down the next year as Apple Music took over.",https://www.apple.com/newsroom/2014/05/28Apple-to-Acquire-Beats-Music-Beats-Electronics/,killedbyapple.theden.sh
Apple,iPhoto,software,,,2002,2015,year,13,dead,"The photo management app bundled with every Mac for over 13 years. Replaced by Photos, a simpler, more iCloud-centric app that lost many of iPhoto's organizing features.",https://www.apple.com/newsroom/2002/01/07Apple-Introduces-iPhoto/,killedbyapple.theden.sh
Apple,Newsstand,"software, feature",,,2011,2015,year,4,dead,A dedicated iOS app folder for digital magazine and newspaper subscriptions. Publishers barely supported it; readers rarely opened it. Removed in iOS 9 and absorbed into Apple News.,https://www.apple.com/newsroom/2011/10/04Apple-to-Launch-iCloud-on-October-12/,killedbyapple.theden.sh
Apple,iPhone 5c,"hardware, iphone",,,2013,2015,year,2,dead,"The plastic, candy-colored iPhone marketed as the affordable option, sold alongside the premium 5s. It was outsold by the 5s in nearly every market and ended Apple's brief experiment with a mid-tier consumer iPhone.",https://www.apple.com/newsroom/2013/09/10Apple-Introduces-iPhone-5c-The-Most-Colorful-iPhone-Yet/,killedbyapple.theden.sh
Apple,HopStop,service,,,2005,2015,year,10,dead,"A transit directions app covering hundreds of cities before Apple Maps had serious public transport features. Apple bought it, used the knowledge, then shut it down as Maps gained transit directions.",,killedbyapple.theden.sh
Microsoft,Microsoft MapPoint,service,2000-01-01,2014-12-31,2000,2014,day,15.0,dead,"Microsoft MapPoint was a program and a service created by Microsoft that allows users to view, edit and integrate maps.",https://en.wikipedia.org/wiki/Microsoft_MapPoint,killedbymicrosoft.info
Microsoft,Acompli,app,2014-04-24,2014-12-31,2014,2014,day,0.7,dead,"Acompli was a mobile app that allowed for user interaction with email messages, calendars and cloud files of multiple accounts in one app launched in April 2014 and then acquired by Microsoft in December 2014.",https://en.wikipedia.org/wiki/Acompli,killedbymicrosoft.info
Microsoft,Sidewinder,hardware,1995-10-09,2014-10-01,1995,2014,day,19.0,dead,"SideWinder was the name given to a family of digital game controllers for PCs consisting of joysticks, driving wheels, game controllers, and voice chat devices.",https://en.wikipedia.org/wiki/Microsoft_SideWinder,killedbymicrosoft.info
Google,Orkut,service,2004-01-24,2014-09-30,2004,2014,day,10.7,dead,Orkut was a social network designed to help users meet new and old friends and maintain existing relationships.,https://en.wikipedia.org/wiki/Orkut,killedbygoogle.com
Microsoft,Microsoft Streets & Trips,app,1988-01-01,2014-07-07,1988,2014,day,26.5,dead,"Microsoft Streets & Trips (Microsoft AutoRoute) was a mapping program targeting the average consumer to do a variety of map related tasks in the North American region, such as route planning.",https://en.wikipedia.org/wiki/Microsoft_Streets_%26_Trips,killedbymicrosoft.info
Microsoft,Microsoft Academic Search,service,2009-01-01,2014-07-01,2009,2014,day,5.5,dead,Microsoft Academic Search was a research project and an academic search engine.,https://en.wikipedia.org/wiki/Microsoft_Academic_Search,killedbymicrosoft.info
Microsoft,Games for Windows – Live,service,2007-05-29,2014-07-01,2007,2014,day,7.1,dead,Games for Windows – Live (GFWL) was an online gaming service used by Games for Windows–branded PC titles that enables Windows PCs to connect to Microsoft's Live service.,https://en.wikipedia.org/wiki/Games_for_Windows_%E2%80%93_Live,killedbymicrosoft.info
Microsoft,Age of Empires Online,app,2011-08-16,2014-07-01,2011,2014,day,2.9,dead,Age of Empires Online was a multiplayer online real-time strategy game developed by Robot Entertainment and Gas Powered Games and based upon the gameplay of the Age of Empires series.,https://en.wikipedia.org/wiki/Age_of_Empires_Online,killedbymicrosoft.info
Google,Google TV,hardware,2010-10-06,2014-06-30,2010,2014,day,3.7,dead,Google TV was a smart TV platform that integrated Android and Chrome to create an interactive television overlay.,https://en.wikipedia.org/wiki/Google_TV_(smart_TV_platform),killedbygoogle.com
Google,Quickoffice,app,2013-09-19,2014-06-25,2013,2014,day,0.8,dead,"Quickoffice was a productivity suite for mobile devices which allowed the viewing, creating and editing of documents, presentations and spreadsheets.",https://en.wikipedia.org/wiki/Quickoffice,killedbygoogle.com
Google,Google Questions and Answers,service,2007-06-28,2014-06-23,2007,2014,day,7.0,dead,Google Questions and Answers was a free knowledge market that allowed users to collaboratively find answers to their questions.,https://en.wikipedia.org/wiki/Google_Questions_and_Answers,killedbygoogle.com
Google,Wildfire Interactive,service,2012-07-31,2014-03-14,2012,2014,day,1.6,dead,"Wildfire by Google was a social marketing application that enabled businesses to create, optimize and measure their presence on social networks.",https://en.wikipedia.org/wiki/Wildfire_Interactive,killedbygoogle.com
Google,BufferBox,service,2012-11-30,2014-02-21,2012,2014,day,1.2,dead,BufferBox was a Canadian startup that provided consumers 24/7 convenience of picking up their online purchases.,https://en.wikipedia.org/wiki/BufferBox,killedbygoogle.com
Google,SlickLogin,service,2013-07-13,2014-02-17,2013,2014,day,0.6,dead,"SlickLogin was an Israeli start-up company which developed sound-based password alternatives, was acquired by Google and hasn't released anything since.",https://en.wikipedia.org/wiki/SlickLogin,killedbygoogle.com
Google,Google Schemer,service,2011-07-01,2014-02-07,2011,2014,day,2.6,dead,Google Schemer was a Google service for sharing and discovering things to do.,https://en.wikipedia.org/wiki/Google_Schemer,killedbygoogle.com
Google,Google Chrome Frame,service,2010-09-22,2014-02-01,2010,2014,day,3.4,dead,Google Chrome Frame was a plugin for Internet Explorer that allowed web pages to be displayed using WebKit and the V8 JavaScript engine.,https://en.wikipedia.org/wiki/Google_Chrome_Frame,killedbygoogle.com
Google,Google Notifier,service,2005-01-01,2014-01-31,2005,2014,day,9.1,dead,Google Notifier alerted users to new emails on their Gmail account.,https://www.theverge.com/2014/1/16/5316748/google-quietly-kills-off-its-notifier-service-for-mail-and-calendar,killedbygoogle.com
Google,Bump!,app,2009-03-27,2014-01-31,2009,2014,day,4.8,dead,"Bump! was an iOS and Android mobile app that enabled smartphone users to transfer contact information, photos, and files between devices.",https://en.wikipedia.org/wiki/Bump_(application),killedbygoogle.com
Google,Google Offers,service,2011-05-26,2014-01-01,2011,2014,day,2.6,dead,"Google Offers was a service offering discounts and coupons. Initially, it was a deal of the day website similar to Groupon.",https://en.wikipedia.org/wiki/Google_Offers,killedbygoogle.com
Microsoft,PixelSense,hardware,2008-04-17,2014-01-01,2008,2014,day,5.7,dead,PixelSense (formerly called Microsoft Surface) was an interactive surface computing platform that allows one or more people to interact with a tabletop screen.,https://en.wikipedia.org/wiki/Microsoft_PixelSense,killedbymicrosoft.info
Apple,iPod classic,"hardware, ipod",,,2001,2014,year,13,dead,"The hard-drive click-wheel iPod that defined the line for more than a decade. Discontinued in 2014 as Apple moved its music focus to flash storage, iPhone, and streaming.",https://www.apple.com/newsroom/2007/09/05Apple-Introduces-New-iPod-classic/,killedbyapple.theden.sh
Microsoft,Windows Home Server,os,2007-11-04,2013-12-31,2007,2013,day,6.2,dead,"Windows Home Server was intended to be a solution for homes with multiple connected PCs to offer file sharing, automated backups, print server, and remote access.",https://en.wikipedia.org/wiki/Windows_Home_Server,killedbymicrosoft.info
Microsoft,Zune Marketplace,service,2006-11-14,2013-11-22,2006,2013,day,7.0,dead,"Zune Marketplace was an online store that offered music, podcasts, TV shows, movies, music videos, and mobile applications.",https://en.wikipedia.org/wiki/Zune_software#Zune_Marketplace,killedbymicrosoft.info
Google,Google Currents,app,2011-12-08,2013-11-20,2011,2013,day,2.0,dead,"Google Currents was a social magazine app by Google, which was replaced by Google Play Newsstand.",https://en.wikipedia.org/wiki/Google_Currents_(2011-2013),killedbygoogle.com
Google,Google Checkout,service,2006-06-28,2013-11-20,2006,2013,day,7.4,dead,Google Checkout was an online payment processing service that aimed to simplify the process of paying for online purchases.,https://en.wikipedia.org/wiki/Google_Checkout,killedbygoogle.com
Google,Google Trader,service,2010-12-09,2013-11-11,2010,2013,day,2.9,dead,"Google Trader was a classifieds service run by Google in Ghana, Uganda, Kenya, and Nigeria to help customers trade goods and services online.",https://web.archive.org/web/20130313193605/https://www.google.com.gh/local/trader/,killedbygoogle.com
Google,iGoogle,service,2005-05-19,2013-11-01,2005,2013,day,8.5,dead,iGoogle was a customizable Ajax-based start page or personal web portal.,https://en.wikipedia.org/wiki/IGoogle,killedbygoogle.com
Microsoft,SideShow,app,2007-01-30,2013-10-01,2007,2013,day,6.7,dead,"Windows SideShow (codenamed Auxiliary Display) was a feature introduced in Windows Vista to supply information such as e-mail, instant messages, and RSS feeds from a personal computer to a local or remote peripheral device or display.",https://en.wikipedia.org/wiki/Windows_SideShow,killedbymicrosoft.info
Microsoft,MSN TV,service,1996-09-18,2013-09-30,1996,2013,day,17.0,dead,"MSN TV (formerly WebTV by WebTV Networks, Inc.) was a web access product consisting of a thin client device which used a television for display and the online service that supported it.",https://en.wikipedia.org/wiki/MSN_TV,killedbymicrosoft.info
Microsoft,Microsoft TechNet,service,1998-01-01,2013-08-31,1998,2013,day,15.7,dead,"Microsoft TechNet was a Microsoft web portal and web service for IT professionals, containing documentation for Microsoft products, discussion forums, an evaluation center for downloading trialware, blogs for Microsoft employees and much more.",https://en.wikipedia.org/wiki/Microsoft_TechNet,killedbymicrosoft.info
Google,Google Latitude,service,2009-02-05,2013-08-09,2009,2013,day,4.5,dead,"Google Latitude was a location-aware feature of Google Maps, a successor to an earlier SMS-based service Dodgeball.",https://en.wikipedia.org/wiki/Google_Latitude,killedbygoogle.com
Google,Google Reader,service,2005-10-07,2013-07-01,2005,2013,day,7.7,dead,Google Reader was an RSS/Atom feed aggregator.,https://en.wikipedia.org/wiki/Google_Reader,killedbygoogle.com
Google,Nexus Q,hardware,2012-06-27,2013-07-01,2012,2013,day,1.0,dead,Nexus Q was a digital media player that allowed users with Android devices to stream content from supported services to a connected television or speakers via an integrated amplifier.,https://en.wikipedia.org/wiki/Nexus_Q,killedbygoogle.com
Google,Punchd,service,2011-07-11,2013-06-07,2011,2013,day,1.9,dead,Punchd was a digital loyalty card app and service targeted towards small businesses that originated as a student project at Cal Poly in 2009 and was acquired by Google in 2011.,http://getpunchd.com/,killedbygoogle.com
Google,Building Maker,service,2009-10-13,2013-06-04,2009,2013,day,3.6,dead,Building Maker enabled users to create 3D models of buildings for Google Earth on the browser.,https://googleblog.blogspot.com/2013/03/a-second-spring-of-cleaning.html,killedbygoogle.com
Google,Google Talk,service,2005-08-22,2013-05-15,2005,2013,day,7.7,dead,"Often remembered as 'Gchat', Google Talk was a messaging service for both text and voice using XMPP.",https://en.wikipedia.org/wiki/Google_Talk,killedbygoogle.com
Google,Google SMS,service,2004-10-01,2013-05-10,2004,2013,day,8.6,dead,"Google SMS let you text questions- including weather, sports scores, word definitions, and more- to 466453 and get an answer back.",https://techcrunch.com/2013/05/12/google-kills-sms-search/,killedbygoogle.com
Google,Google Cloud Connect,service,2008-04-07,2013-04-30,2008,2013,day,5.1,dead,Google Cloud Connect was a free cloud computing plugin for multiple versions of Microsoft Office that automatically stored and synchronized files to Google Docs.,https://en.wikipedia.org/wiki/Google_Cloud_Connect,killedbygoogle.com
Google,Picnik,service,2007-01-01,2013-04-13,2007,2013,day,6.3,dead,"Picnik was an online photo editing service that allowed users to edit, style, crop, and resize images.",https://en.wikipedia.org/wiki/Picnik,killedbygoogle.com
Microsoft,Microsoft Office Picture Manager,app,2003-08-19,2013-04-08,2003,2013,day,9.6,dead,Microsoft Office Picture Manager (formerly Microsoft Picture Library) was a raster graphics editor included up to Office 2010 to organize and edit images.,https://en.wikipedia.org/wiki/Microsoft_Office_Picture_Manager,killedbymicrosoft.info
Microsoft,MSN Messenger,app,1999-07-22,2013-02-15,1999,2013,day,13.6,dead,MSN Messenger (later rebranded as Windows Live Messenger) was a cross-platform instant messaging client.,https://en.wikipedia.org/wiki/Windows_Live_Messenger,killedbymicrosoft.info
Microsoft,Windows Live Mesh,app,2010-09-30,2013-02-13,2010,2013,day,2.4,dead,"Windows Live Mesh (formerly known as Windows Live FolderShare, Live Mesh, and Windows Live Sync) was a file synchronization application supporting both direct PC-to-PC and cloud-based synchronization and featuring Remote Desktop capability through the browser.",https://en.wikipedia.org/wiki/Windows_Live_Mesh,killedbymicrosoft.info
Microsoft,Microsoft XNA,app,2006-03-14,2013-01-31,2006,2013,day,6.9,dead,"Microsoft XNA was a freeware set of tools with a managed runtime environment provided by Microsoft that facilitates video game development and management, based on the .NET Framework, with versions that run on Windows NT, Windows Phone and the Xbox 360.",https://en.wikipedia.org/wiki/Microsoft_XNA,killedbymicrosoft.info
Microsoft,Microsoft Office PerformancePoint Server,app,2007-12-20,2013-01-08,2007,2013,day,5.1,dead,"Microsoft Office PerformancePoint Server was a business intelligence software product and it was generally an integration of the acquisitions from ProClarity, quickly merged in SharePoint Server 2010.",https://en.wikipedia.org/wiki/Microsoft_Office_PerformancePoint_Server,killedbymicrosoft.info
Apple,Cards,"software, service",,,2011,2013,year,2,dead,"An iOS app for designing physical letterpress greeting cards that Apple would print and mail for you. Charming, oddly tactile, and dead less than two years later.",,killedbyapple.theden.sh
Google,Google Chart API,service,2007-12-06,2012-12-31,2007,2012,day,5.1,dead,Google Chart API was an interactive Web service that created graphical charts from user-supplied data.,https://en.wikipedia.org/wiki/Google_Chart_API,killedbygoogle.com
Google,Google Mini,hardware,2007-12-06,2012-12-31,2007,2012,day,5.1,dead,Google Mini was a smaller version of the Google Search Appliance.,https://en.wikipedia.org/wiki/Google_Search_Appliance#Google_Mini,killedbygoogle.com
Microsoft,Microsoft Expression Studio,app,2007-04-30,2012-12-20,2007,2012,day,5.6,dead,Microsoft Expression Studio was a suite of tools for designing and building Web and Windows client applications and rich digital media content.,https://en.wikipedia.org/wiki/Microsoft_Expression_Studio,killedbymicrosoft.info
Google,AdSense for Feeds,service,2008-08-05,2012-12-03,2008,2012,day,4.3,dead,AdSense for Feeds was an RSS-based service for AdSense that allowed publishers to advertise on their RSS Feeds.,https://adsenseforfeeds.blogspot.com/,killedbygoogle.com
Google,Google Listen,app,2009-08-20,2012-11-01,2009,2012,day,3.2,dead,"Google Listen was an Android application that let you search, subscribe, download, and stream podcasts and web audio.",https://googleblog.blogspot.com/2012/08/giving-you-better-google.html,killedbygoogle.com
Google,Google Refine,service,2010-11-10,2012-10-31,2010,2012,day,2.0,dead,Google Refine was a standalone desktop application for data cleanup and transformation to other formats.,https://en.wikipedia.org/wiki/Google_Refine,killedbygoogle.com
Microsoft,Zune (software),app,2006-01-01,2012-10-16,2006,2012,day,6.8,dead,"Zune (software) was a media management software that functions as a full media player application with a library, an interface to the Zune Marketplace, and as a media streaming server.",https://en.wikipedia.org/wiki/Zune_software,killedbymicrosoft.info
Google,Sparrow,app,2011-02-09,2012-10-05,2011,2012,day,1.7,dead,Sparrow was an email client for OS X and iOS. Google acquired and then killed it.,https://en.wikipedia.org/wiki/Sparrow_(email_client),killedbygoogle.com
Google,Google Insights for Search,service,2008-08-06,2012-09-27,2008,2012,day,4.1,dead,Google Insights for Search was a service used to provide data about terms people searched in Google and was merged into Google Trends.,https://en.wikipedia.org/wiki/Google_Insights_for_Search,killedbygoogle.com
Google,Postini,service,1999-07-01,2012-08-21,1999,2012,day,13.1,dead,"Postini was an e-mail, Web security, and archiving service that filtered e-mail spam and malware (before it was delivered to a client's mail server), e-mail archiving.",https://en.wikipedia.org/wiki/Postini,killedbygoogle.com
Google,Google Video,service,2005-01-25,2012-08-20,2005,2012,day,7.6,dead,"Google Video was a free video hosting service from Google, similar to YouTube, that allowed video clips to be hosted on Google servers and embedded onto other websites.",https://en.wikipedia.org/wiki/Google_Video,killedbygoogle.com
Microsoft,Microsoft Reader,app,2000-08-01,2012-08-01,2000,2012,day,12.0,dead,"Microsoft Reader was an application for reading e-books, specialized for .lit format.",https://en.wikipedia.org/wiki/Microsoft_Reader,killedbymicrosoft.info
Google,Meebo,service,2005-09-14,2012-07-11,2005,2012,day,6.8,dead,Meebo was a browser-based instant messaging application which supported multiple IM services.,https://en.wikipedia.org/wiki/Meebo,killedbygoogle.com
Microsoft,ProClarity,app,2001-01-01,2012-07-10,2001,2012,day,11.5,dead,"ProClarity was a desktop business intelligence software suite that enabled the user to understand information contained within large volumes of organization data, which took the name from the homonymous company.",https://en.wikipedia.org/wiki/ProClarity,killedbymicrosoft.info
Google,Google Commerce Search,service,2009-11-05,2012-07-01,2009,2012,day,2.7,dead,Google Commerce Search was an enterprise search service that powered online retail stores and e-commerce websites that improved speed and accuracy.,https://techcrunch.com/2012/07/03/google-shutdowns-continue-igoogle-google-video-google-mini-others-are-killed/,killedbygoogle.com
Google,Needlebase,service,2011-04-01,2012-06-01,2011,2012,day,1.2,dead,"Needlebase was a point-and-click tool for extracting, sorting and visualizing data from across pages around the web.",https://techcrunch.com/2012/01/20/google-trims-the-fat/,killedbygoogle.com
Microsoft,Zune,service,2006-11-14,2012-06-01,2006,2012,day,5.5,dead,Zune was a line of digital media products and services.,https://en.wikipedia.org/wiki/Zune,killedbymicrosoft.info
Microsoft,Microsoft Hohm,service,2009-06-24,2012-05-31,2009,2012,day,2.9,dead,Microsoft Hohm was an web application that enables consumers to better understand their energy usage and provided money saving recommendations.,https://en.wikipedia.org/wiki/Hohm,killedbymicrosoft.info
Microsoft,Windows Live,service,2005-11-01,2012-05-05,2005,2012,day,6.5,dead,Windows Live was a brand-name for a set of web services and software products from Microsoft as part of its software-as-a-service platform.,https://en.wikipedia.org/wiki/Windows_Live,killedbymicrosoft.info
Google,Knol,service,2008-07-23,2012-05-01,2008,2012,day,3.8,dead,Knol was a Google project that aimed to include user-written articles on a range of topics.,https://en.wikipedia.org/wiki/Knol,killedbygoogle.com
Google,Google Wave,service,2009-09-01,2012-04-30,2009,2012,day,2.7,dead,Google Wave was an online communication and collaborative real-time editor tool.,https://en.wikipedia.org/wiki/Google_Wave,killedbygoogle.com
Google,Google Flu Vaccine Finder,service,2009-11-10,2012-04-20,2009,2012,day,2.4,dead,Google Flu Vaccine Finder was a maps mash-up that showed nearby vaccination places across the United States.,https://googleblog.blogspot.com/2012/04/spring-cleaning-in-spring.html,killedbygoogle.com
Google,Google One Pass,service,2011-03-16,2012-04-20,2011,2012,day,1.1,dead,Google One Pass was an online store developed by Google for media publishers looking to sell subscriptions to their content.,https://en.wikipedia.org/wiki/Google_One_Pass,killedbygoogle.com
Google,Google Related,service,2011-08-17,2012-04-20,2011,2012,day,0.7,dead,Google Related was introduced to be an experimental navigation assistant launched to help people find useful and interesting information while surfing the web.,https://googleblog.blogspot.com/2012/04/spring-cleaning-in-spring.html,killedbygoogle.com
Google,Urchin,service,2005-04-30,2012-03-28,2005,2012,day,6.9,dead,Urchin was a web statistics analysis program developed by Urchin Software Corporation. It analyzed web server log file content and displayed the traffic information on that website based upon the log data.,https://en.wikipedia.org/wiki/Urchin_(software),killedbygoogle.com
Google,Slide,service,2005-05-01,2012-03-06,2005,2012,day,6.8,dead,Slide was a photo sharing software for social networking services such as MySpace and Facebook. Later Slide began to make applications and became the largest developer of third-party applications for Facebook.,https://en.wikipedia.org/wiki/Slide.com,killedbygoogle.com
Google,Google Friend Connect,service,2008-05-28,2012-03-01,2008,2012,day,3.8,dead,Google Friend Connect was a free social networking site from 2008 to 2012.,https://en.wikipedia.org/wiki/Google_Friend_Connect,killedbygoogle.com
Google,Jaiku,service,2006-02-01,2012-01-15,2006,2012,day,6.0,dead,"Jaiku was a social networking, micro-blogging and lifestreaming service comparable to Twitter.",https://en.wikipedia.org/wiki/Jaiku,killedbygoogle.com
Google,Google Code Search,service,2006-10-05,2012-01-15,2006,2012,day,5.3,dead,Google Code Search was a free beta product which allowed users to search for open-source code on the Internet.,https://en.wikipedia.org/wiki/Google_Code_Search,killedbygoogle.com
Google,Google Health,service,2008-05-20,2012-01-01,2008,2012,day,3.6,dead,Google Health was a personal health information centralization service that provided users a merged health record from multiple sources.,https://en.wikipedia.org/wiki/Google_Health,killedbygoogle.com
Microsoft,Smart Personal Objects Technology (SPOT),service,2004-01-01,2012-01-01,2004,2012,day,8.0,dead,"Smart Personal Objects Technology (SPOT) was a initiative to create intelligent and personal home appliances, consumer electronics, and other objects through new hardware capabilities and software features.",https://en.wikipedia.org/wiki/Smart_Personal_Objects_Technology,killedbymicrosoft.info
Apple,iTunes Ping,service,,,2010,2012,year,2,dead,Apple's music-focused social network. Steve Jobs personally called Mark Zuckerberg to negotiate a Facebook tie-in. Zuckerberg asked for too much; Ping launched anyway and flopped.,https://www.apple.com/newsroom/2010/09/01Apple-Introduces-iTunes-10-With-Ping/,killedbyapple.theden.sh
Apple,MobileMe,service,,,2008,2012,year,4,dead,Apple's cloud sync and email service. So unreliable at launch that Steve Jobs called it an embarrassment to the entire company at an internal meeting. Replaced by iCloud.,https://www.apple.com/newsroom/2008/06/09Apple-Introduces-MobileMe-Internet-Service/,killedbyapple.theden.sh
Apple,30-pin Dock Connector,"feature, hardware, iphone, ipad, ipod",,,2003,2012,year,9,dead,"The wide 30-pin connector used on every iPod and iPhone for nine years. It spawned an entire accessories industry: alarm clocks, car adapters, speaker docks. Killed overnight by Lightning.",https://www.apple.com/newsroom/2012/09/12Apple-Introduces-iPhone-5/,killedbyapple.theden.sh
Apple,iChat,software,,,2002,2012,year,10,dead,"Apple's instant messaging client, supporting AIM, Jabber, and Bonjour. The colorful chat bubbles became iconic before iChat was rebranded as Messages and folded into iMessage in OS X Mountain Lion.",https://www.apple.com/newsroom/2002/07/17Apple-Introduces-Jaguar-the-Next-Major-Release-of-Mac-OS-X/,killedbyapple.theden.sh
Apple,Safari for Windows,software,,,2007,2012,year,5,dead,"Apple's attempt to bring Safari to Windows, announced by Steve Jobs as part of his iPhone web strategy. It was quietly abandoned after Safari 5.1.7 in 2012, while Mac Safari continued on.",https://www.apple.com/newsroom/2009/02/24Apple-Announces-Safari-4-The-Worlds-Fastest-Most-Innovative-Browser/,killedbyapple.theden.sh
Apple,iWork.com,service,,,2009,2012,year,3,dead,"Apple's web-based document sharing and commenting service for Pages, Numbers, and Keynote. It never escaped beta, then was shut down as Apple pushed users toward iCloud.",,killedbyapple.theden.sh
Apple,Chomp,service,,,2009,2012,year,3,dead,"An app search and discovery engine that helped users find apps by what they did, not just what they were called. Apple acquired it to improve App Store search, then shut the service off.",,killedbyapple.theden.sh
Apple,MacBook Pro (17-inch),"mac, hardware",,,2006,2012,year,6,dead,"Apple's biggest professional notebook, beloved by editors, developers, and anyone who wanted a portable desktop. Killed when Retina MacBook Pros arrived and Apple decided 15 inches was enough.",https://www.apple.com/newsroom/2006/04/24Apple-Introduces-17-inch-MacBook-Pro/,killedbyapple.theden.sh
Google,Noop Programming Language,service,2009-01-01,2011-12-31,2009,2011,day,3.0,dead,Noop was a project by Google engineers Alex Eagle and Christian Gruber aiming to develop a new programming language that attempted to blend the best features of 'old' and 'new' languages and best practices.,https://en.wikipedia.org/wiki/Noop,killedbygoogle.com
Google,Apture,service,2007-07-01,2011-12-20,2007,2011,day,4.5,dead,Apture was a service that allowed publishers and bloggers to link and incorporate multimedia into a dynamic layer above their pages.,https://www.huffingtonpost.com/rory-oconnor/apture-web-30-is-now_b_161608.html,killedbygoogle.com
Google,Google Buzz,service,2010-02-09,2011-12-15,2010,2011,day,1.8,dead,"Google Buzz was a social networking, microblogging and messaging tool that integrated with Gmail.",https://en.wikipedia.org/wiki/Google_Buzz,killedbygoogle.com
Google,Gears,service,2007-05-31,2011-11-22,2007,2011,day,4.5,dead,Gears (aka Google Gears) was utility software that aimed to create more powerful web apps by adding offline storage and other additional features to web browsers.,https://en.wikipedia.org/wiki/Gears_(software),killedbygoogle.com
Google,Google Notebook,service,2008-08-10,2011-11-11,2008,2011,day,3.3,dead,Google Notebook allowed users to save and organize clips of information while conducting research online.,https://en.wikipedia.org/wiki/Google_Notebook,killedbygoogle.com
Google,ZygoteBody,service,2010-12-15,2011-10-13,2010,2011,day,0.8,dead,"ZygoteBody, formerly Google Body, was a web application by Zygote Media Group that rendered manipulable 3D anatomical models of the human body.",https://en.wikipedia.org/wiki/ZygoteBody,killedbygoogle.com
Microsoft,Zune Media Player,hardware,2006-11-14,2011-10-03,2006,2011,day,4.9,dead,Zune was a line of portable media players.,https://en.wikipedia.org/wiki/Zune#Zune_devices,killedbymicrosoft.info
Google,Google PowerMeter,service,2009-10-05,2011-09-16,2009,2011,day,1.9,dead,Google PowerMeter was a software project of Google's philanthropic arm that helped consumers track their home electricity usage.,https://en.wikipedia.org/wiki/Google_PowerMeter,killedbygoogle.com
Google,Google Squared,service,2009-06-03,2011-09-05,2009,2011,day,2.3,dead,Google Squared was an information extraction and relationship extraction product that compiled structured data into a spreadsheet-like format.,https://en.wikipedia.org/wiki/Google_Squared,killedbygoogle.com
Google,Google Sidewiki,service,2009-09-23,2011-09-02,2009,2011,day,1.9,dead,Google Sidewiki was a browser sidebar tool that allowed users to contribute information to any web page.,https://en.wikipedia.org/wiki/Google_Sidewiki,killedbygoogle.com
Google,Aardvark,service,2009-03-14,2011-09-02,2009,2011,day,2.5,dead,Aardvark was a social search service that connected users live with friends or friends-of-friends who were able to answer their questions.,https://en.wikipedia.org/wiki/Aardvark_(search_engine),killedbygoogle.com
Google,Google Pack,service,2006-01-06,2011-09-02,2006,2011,day,5.7,dead,"Google Pack was a collection of software tools offered by Google to download in a single archive. It was announced at the 2006 Consumer Electronics Show, on January 6. Google Pack was only available for Windows XP, Windows Vista, and Windows 7.",https://en.wikipedia.org/wiki/Google_Pack,killedbygoogle.com
Google,Google Desktop,service,2008-01-01,2011-09-01,2008,2011,day,3.7,dead,"Google Desktop allowed local searches of a user's emails, computer files, music, photos, chats and Web pages viewed.",https://en.wikipedia.org/wiki/Google_Desktop,killedbygoogle.com
Google,Google Fast Flip,service,2009-09-14,2011-09-01,2009,2011,day,2.0,dead,"Google Fast Flip was an online news aggregator, something of a high tech microfiche.",https://en.wikipedia.org/wiki/Google_Fast_Flip,killedbygoogle.com
Google,Google Dictionary,service,2009-12-01,2011-08-05,2009,2011,day,1.7,dead,Google Dictionary was a standalone online dictionary service.,https://en.wikipedia.org/wiki/Google_Dictionary,killedbygoogle.com
Microsoft,Kin,hardware,2010-05-14,2011-08-01,2010,2011,day,1.2,dead,Kin was a short-lived mobile phone line from Microsoft designed for users of social networking.,https://en.wikipedia.org/wiki/Microsoft_Kin,killedbymicrosoft.info
Google,Google Labs,service,2002-05-20,2011-07-31,2002,2011,day,9.2,dead,Google Labs was a technology playground used by Google to demonstrate and test new projects.,https://en.wikipedia.org/wiki/Google_Labs,killedbygoogle.com
Google,Google Rebang,service,2007-02-28,2011-07-31,2007,2011,day,4.4,dead,"Rebang was a Zeitgeist-like service centered on providing service to a Chinese audience. It was incorporated into Google Labs as of late 2010, and later discontinued along with its parent project.",https://www.zdnet.com/article/google-rebang-now-live/,killedbygoogle.com
Google,Google Directory,service,2000-04-07,2011-07-20,2000,2011,day,11.3,dead,Google Directory was an Internet website directory organized into 14 main categories that allowed users to explore the web.,https://en.wikipedia.org/wiki/Google_Directory,killedbygoogle.com
Google,Google Image Swirl,service,2009-11-17,2011-07-20,2009,2011,day,1.7,dead,Google Image Swirl was an enhancement to the image search tool that came out of Google Labs. It was built on top of image search by grouping images with similar visual and semantic qualities.,https://en.wikipedia.org/wiki/Google_Image_Swirl,killedbygoogle.com
Google,Google Real-Time Search,service,2009-12-07,2011-07-02,2009,2011,day,1.6,dead,"Google Real-Time Search provided live search results from Twitter, Facebook, and news websites.",https://en.wikipedia.org/wiki/Google_Real-Time_Search,killedbygoogle.com
Google,Google Script Converter,service,2009-11-01,2011-07-01,2009,2011,day,1.7,dead,"Google Script Converter was an online transliteration tool for transliteration (script conversion) between Hindi, Romanagari, and various other scripts. It's ended because Google shut down Google Labs and all associated projects.",https://en.wikipedia.org/wiki/Google_Script_Converter,killedbygoogle.com
Google,Google Sets,service,2002-07-01,2011-07-01,2002,2011,day,9.0,dead,"Google Sets generates a list of items when users enter a few examples. For example, entering ""Green, Purple, Red"" emits the list ""Green, Purple, Red, Blue, Black, White, Yellow, Orange, Brown"".",https://web.archive.org/web/20021105033319/http://www.google.com/apis/,killedbygoogle.com
Google,Google Specialized Search,service,1997-09-15,2011-06-05,1997,2011,day,13.7,dead,"Google Specialized Search allowed users to search across a limited index of the web for specialized topics like Linux, Microsoft, and 'Uncle Sam.'",https://www.seroundtable.com/google-uncle-sam-13518.html,killedbygoogle.com
Google,Google Hotpot,service,2010-11-15,2011-04-08,2010,2011,day,0.4,dead,"Google Hotpot was a local recommendation engine that allowed people to rate restaurants, hotels, etc. and share them with friends.",https://mashable.com/2011/04/08/google-hotpot-goes-cold/,killedbygoogle.com
Google,Gizmo5,service,2009-11-12,2011-04-03,2009,2011,day,1.4,dead,Gizmo5 was a VOIP communications network and a proprietary freeware soft phone for that network.,https://en.wikipedia.org/wiki/Gizmo5,killedbygoogle.com
Microsoft,Windows Embedded Automotive,os,1998-12-04,2011-03-01,1998,2011,day,12.2,dead,"Windows Embedded Automotive (formerly Microsoft Auto, Windows CE for Automotive, Windows Automotive, and Windows Mobile for Automotive) was an operating system subfamily of Windows Embedded based on Windows CE for use on computer systems in automobiles.",https://en.wikipedia.org/wiki/Windows_Embedded_Automotive,killedbymicrosoft.info
Microsoft,Windows Virtual PC,app,1997-06-01,2011-02-14,1997,2011,day,13.7,dead,"Windows Virtual PC (formerly Microsoft Virtual PC 2007, Microsoft Virtual PC 2004, and Connectix Virtual PC) was a virtualization program for Microsoft Windows originally developed as a Macintosh application for System 7.5 by Connectix.",https://en.wikipedia.org/wiki/Windows_Virtual_PC,killedbymicrosoft.info
Google,Real Estate On Google Maps,service,2009-07-01,2011-02-10,2009,2011,day,1.6,dead,Real Estate on Google Maps enabled users to find places for sale or rent in an area they were interested in.,https://maps.googleblog.com/2011/01/retiring-real-estate-on-google-maps.html,killedbygoogle.com
Google,fflick,service,2010-08-01,2011-01-31,2010,2011,day,0.5,dead,"fflick was a review, information, and news website that used information from aggregated Tweets to rate movies as positive or negative.",https://en.wikipedia.org/wiki/Fflick,killedbygoogle.com
Microsoft,Microsoft Money,service,1991-10-02,2011-01-31,1991,2011,day,19.3,dead,"Microsoft Money was a personal finance management software program. It has capabilities for viewing bank account balances, creating budgets, and tracking expenses, among other features.",https://en.wikipedia.org/wiki/Microsoft_Money,killedbymicrosoft.info
Microsoft,Windows Live Spaces,service,2004-12-01,2011-01-04,2004,2011,day,6.1,dead,Windows Live Spaces (previously MSN Spaces) was a highly customizable blogging and social networking platform that integrated closely with MSN Messenger.,https://en.wikipedia.org/wiki/Windows_Live_Spaces,killedbymicrosoft.info
Apple,Final Cut Studio,software,,,2005,2011,year,6,dead,"Apple's flagship pro-video suite bundling Final Cut Pro, Motion, Soundtrack Pro, DVD Studio Pro, and later Color and Compressor. It dominated mid-2000s Mac video production until Final Cut Pro X blew up the old suite model.",https://www.apple.com/newsroom/2005/04/17Apple-Unveils-Final-Cut-Studio/,killedbyapple.theden.sh
Apple,Apple Cinema Display,hardware,,,1999,2011,year,12,dead,"Apple's widescreen external monitors, beloved by designers and video editors. The Cinema Display line was replaced by the Thunderbolt Display in 2011.",https://www.apple.com/newsroom/2003/01/28Apple-Introduces-20-Cinema-Display-at-Breakthrough-Price/,killedbyapple.theden.sh
Apple,Final Cut Server,software,,,2008,2011,year,3,dead,A collaborative media asset management system for Final Cut Pro workflows in studios and broadcast. Discontinued in 2011 during Apple's messy Final Cut Pro X transition.,https://www.apple.com/newsroom/2007/04/15Apple-Introduces-Final-Cut-Server/,killedbyapple.theden.sh
Apple,Front Row,"software, feature, tv",,,2005,2011,year,6,dead,"A full-screen media center app for Macs, designed to be controlled from the couch with the Apple Remote. Killed in OS X Lion without a replacement.",https://www.apple.com/newsroom/2005/10/12Apple-Introduces-the-New-iMac-G5/,killedbyapple.theden.sh
Apple,iDVD,software,,,2001,2011,year,10,dead,"DVD menu and disc authoring software bundled with every Mac. Made beautiful animated menus, until optical drives quietly disappeared from Apple hardware forever.",https://www.apple.com/newsroom/2001/01/09Apple-Brings-DVD-Authoring-to-the-Desktop-with-iDVD-and-DVD-Studio-Pro/,killedbyapple.theden.sh
Apple,iWeb,software,,,2006,2011,year,5,dead,"Drag-and-drop personal website creator, tightly integrated with MobileMe hosting. As MobileMe was wound down and iCloud offered no web hosting replacement, iWeb was left behind.",https://www.apple.com/newsroom/2006/01/10Apple-Announces-iLife-06/,killedbyapple.theden.sh
Apple,Logic Express,software,,,2004,2011,year,7,dead,"The affordable entry point to professional music production on Mac. Killed when Apple slashed Logic Pro 9's price to $199, eliminating the need for a budget tier.",https://www.apple.com/newsroom/2004/09/29Apple-Introduces-Logic-Pro-7-Logic-Express-7/,killedbyapple.theden.sh
Apple,Rosetta,"feature, software",,,2006,2011,year,5,dead,"The translation layer that let PowerPC apps run on Intel Macs, enabling Apple's first major chip transition without breaking software. Removed in OS X Lion.",https://www.apple.com/newsroom/2006/01/10Apple-Unveils-New-iMac-with-Intel-Core-Duo-Processor/,killedbyapple.theden.sh
Apple,Xserve,"mac, hardware",,,2002,2011,year,9,dead,Apple's rack-mounted 1U server hardware and one of Apple's few genuine enterprise products. Discontinued as Apple pushed customers toward Mac Pro and Mac mini server configurations.,https://www.apple.com/newsroom/2002/05/14Apple-Introduces-Xserve-1U-Rack-Mount-Server/,killedbyapple.theden.sh
Apple,iSync,software,,,2002,2011,year,9,dead,"A Mac utility for syncing contacts, calendars, and bookmarks across Macs, phones, and iPods over Bluetooth or USB. Removed from OS X Lion as iCloud made manual device sync feel obsolete.",https://www.apple.com/newsroom/2002/07/17Apple-Introduces-iSync/,killedbyapple.theden.sh
Apple,Final Cut Express,software,,,2003,2011,year,8,dead,Apple's semi-pro video editor for people who wanted more than iMovie but less than full Final Cut Pro. Discontinued during the Final Cut Pro X reset.,https://www.apple.com/newsroom/2003/01/07Apple-Unveils-Final-Cut-Express/,killedbyapple.theden.sh
Apple,Soundtrack Pro,software,,,2005,2011,year,6,dead,"Apple's professional audio editing and sound design app for video editors. Bundled with Final Cut Studio, then killed when Apple collapsed the old pro video suite.",https://www.apple.com/newsroom/2005/04/17Apple-Introduces-Soundtrack-Pro/,killedbyapple.theden.sh
Apple,DVD Studio Pro,software,,,2001,2011,year,10,dead,"High-end DVD authoring software for creating professional menus, masters, and replicated discs. Essential in the DVD era, stranded when Apple decided optical media was over.",https://www.apple.com/newsroom/2001/01/09Apple-Brings-DVD-Authoring-to-the-Desktop-with-iDVD-and-DVD-Studio-Pro/,killedbyapple.theden.sh
Apple,Color,software,,,2007,2011,year,4,dead,"A professional color-grading app born from Apple's acquisition of Silicon Color. It brought serious finishing tools to Final Cut Studio, then disappeared in the Final Cut Pro X transition.",https://www.apple.com/newsroom/2007/04/15Apple-Unveils-Final-Cut-Studio-2/,killedbyapple.theden.sh
Google,Google Base,service,2005-10-25,2010-12-17,2005,2010,day,5.1,dead,"Google Base was a database provided by Google into which any user can add almost any type of content, such as text, images, and structured information.",https://en.wikipedia.org/wiki/Google_Base,killedbygoogle.com
Microsoft,Windows Live FrameIt,service,2008-07-30,2010-12-15,2008,2010,day,2.4,dead,"Windows Live FrameIt was a service under the Windows Live brand to extend the functionality of digital photo frames or any RSS enabled devices, allowing the users to customise the displayed information using multiple data sources.",https://en.wikipedia.org/wiki/Windows_Live_FrameIt,killedbymicrosoft.info
Google,GOOG-411,service,2007-04-06,2010-11-12,2007,2010,day,3.6,dead,GOOG-411 (or Google Voice Local Search) was a telephone service that provided a speech-recognition-based business directory search.,https://en.wikipedia.org/wiki/GOOG-411,killedbygoogle.com
Microsoft,Microsoft Amalga,service,1997-01-01,2010-07-22,1997,2010,day,13.6,dead,"Microsoft Amalga Hospital Information System (HIS), formerly Hospital 2000, was a fully integrated hospital information system designed for developing and emerging markets.",https://en.wikipedia.org/wiki/Microsoft_Amalga#Amalga_HIS,killedbymicrosoft.info
Microsoft,Windows Essential Business Server 2008,os,2008-11-12,2010-06-30,2008,2010,day,1.6,dead,Windows Essential Business Server 2008 (code named Centro) was an operating system for server for mid-size businesses (up to a maximum of 300 Users and/or Devices).,https://en.wikipedia.org/wiki/Windows_Essential_Business_Server_2008,killedbymicrosoft.info
Microsoft,Response Point,service,2007-10-01,2010-05-14,2007,2010,day,2.6,dead,Response Point was an advanced VoIP-based telephone system targeting small businesses.,https://en.wikipedia.org/wiki/Microsoft_Response_Point,killedbymicrosoft.info
Google,BumpTop,service,2008-04-13,2010-04-30,2008,2010,day,2.0,dead,BumpTop was a skeuomorphic desktop environment app that simulates the normal behavior and physical properties of a real-world desk and enhances it with automatic tools to organize its contents.,https://github.com/BumpTop/BumpTop,killedbygoogle.com
Microsoft,Windows MultiPoint Mouse,service,2006-12-01,2010-04-22,2006,2010,day,3.4,dead,Windows MultiPoint Mouse was a technology that enables the use of multiple pointing devices on the same computer.,https://en.wikipedia.org/wiki/Windows_Multipoint_Mouse,killedbymicrosoft.info
Google,Google SearchWiki,service,2008-11-20,2010-03-03,2008,2010,day,1.3,dead,SearchWiki was a Google Search feature which allowed logged-in users to annotate and re-order search results.,https://en.wikipedia.org/wiki/Google_SearchWiki,killedbygoogle.com
Google,YouTube Streams,service,2006-12-01,2010-02-28,2006,2010,day,3.2,dead,YouTube Streams allowed users to watch a YouTube video together while chatting about the video in real-time.,https://mashable.com/archive/youtube-test-tube,killedbygoogle.com
Google,Marratech e-meetings,service,1998-11-30,2010-02-19,1998,2010,day,11.2,dead,"Marratech was a Swedish company that made software for e-meetings (e.g., web conferencing, videoconferencing).",https://en.wikipedia.org/wiki/Marratech,killedbygoogle.com
Microsoft,Windows Mobile,os,2000-04-19,2010-02-02,2000,2010,day,9.8,dead,Windows Mobile was a family of mobile operating systems developed by Microsoft for smartphones and Pocket PCs.,https://en.wikipedia.org/wiki/Windows_Mobile,killedbymicrosoft.info
Microsoft,Project Origami,hardware,2006-02-25,2010-02-01,2006,2010,day,3.9,dead,"Project Origami was the code name for ultra-mobile PCs (also known as ultra-mobile personal computers or UMPCs), a class of laptops whose specifications were defined in collaboration with Intel.",https://en.wikipedia.org/wiki/Ultra-mobile_PC,killedbymicrosoft.info
Microsoft,Visual FoxPro,app,1995-06-01,2010-01-12,1995,2010,day,14.6,dead,Visual FoxPro was data-centric procedural programming language with object-oriented programming (OOP) features.,https://en.wikipedia.org/wiki/Visual_FoxPro,killedbymicrosoft.info
Apple,Lala.com,service,,,2006,2010,year,4,dead,"A cloud music service where users could stream their libraries and buy cheap web-only songs. Apple acquired it in 2009 and shut it down months later, years before Apple Music arrived.",,killedbyapple.theden.sh
Google,Google Web APIs,service,2002-04-11,2009-12-05,2002,2009,day,7.7,dead,The Google Web APIs were a free SOAP service for doing Google searches so that developers could use the results in almost any way they wanted.,https://web.archive.org/web/20021105033319/http://www.google.com/apis/,killedbygoogle.com
Microsoft,Microsoft Office Accounting,app,2007-01-01,2009-11-16,2007,2009,day,2.9,dead,Microsoft Office Accounting (formerly Small Business Accounting) was an accounting software application targeting small businesses that had between 1 and 25 employees.,https://en.wikipedia.org/wiki/Microsoft_Office_Accounting,killedbymicrosoft.info
Google,Google Ride Finder,service,2005-05-01,2009-10-31,2005,2009,day,4.5,dead,"Google Ride Finder was a service that used GPS data to pinpoint and map the location of taxis, limos, and shuttle vehicles available for hire in 10 U.S. metro areas.",https://searchenginewatch.com/sew/news/2062429/new-from-google-labs-google-ride-finder#,killedbygoogle.com
Microsoft,Microsoft Works,app,1988-01-01,2009-10-01,1988,2009,day,21.7,dead,"Microsoft Works was an intuitive and cheap alternative to Office. It included a word processor, a spreadsheet and a database management system. Later versions had a calendar application and a dictionary.",https://en.wikipedia.org/wiki/Microsoft_Works,killedbymicrosoft.info
Google,Google Toolbar for Firefox,service,2005-07-19,2009-09-01,2005,2009,day,4.1,dead,Google Toolbar for Firefox,https://en.wikipedia.org/wiki/Google_Toolbar,killedbygoogle.com
Microsoft,Microsoft AutoCollage,app,2008-09-04,2009-09-01,2008,2009,day,1.0,dead,"Microsoft AutoCollage (re-named in Microsoft Research AutoCollage and Microsoft Research AutoCollage Touch) was a photomontage desktop application to create a collage of representative elements from a set of images, able to detect and empathize faces and objects.",https://en.wikipedia.org/wiki/AutoCollage_2008,killedbymicrosoft.info
Microsoft,Soapbox on MSN Video,service,2007-02-14,2009-08-31,2007,2009,day,2.5,dead,"Soapbox on MSN Video was an internet video-sharing service offered via MSN portal, similar to YouTube.",https://en.wikipedia.org/wiki/MSN_Soapbox,killedbymicrosoft.info
Microsoft,Microsoft Popfly,service,2007-05-18,2009-08-24,2007,2009,day,2.3,dead,"Microsoft Popfly was a website that allowed users to create web pages, program snippets, and mashups using the Microsoft Silverlight rich web applications runtime.",https://en.wikipedia.org/wiki/Microsoft_Popfly,killedbymicrosoft.info
Google,Google Radio Automation,hardware,2007-01-01,2009-08-05,2007,2009,day,2.6,dead,Google Radio Automation was a hardware and software service used by radio operators to automate song playing among other radio station functions.,https://en.wikipedia.org/wiki/List_of_Google_products#2018,killedbygoogle.com
Google,On2 Flix Cloud,service,2008-11-01,2009-08-05,2008,2009,day,0.8,dead,Flix Cloud was a high-capacity online video encoding service.,https://en.wikipedia.org/wiki/On2_Technologies#Acquisition_by_Google,killedbygoogle.com
Google,Google Mashup Editor,service,2007-05-30,2009-07-31,2007,2009,day,2.2,dead,"Google Mashup Editor was an online web mashup creation service with publishing, syntax highlighting, and debugging.",https://en.wikipedia.org/wiki/Google_Mashup_Editor,killedbygoogle.com
Microsoft,Windows Live OneCare,app,2006-05-31,2009-06-30,2006,2009,day,3.1,dead,Windows Live OneCare (previously Windows OneCare Live) was a computer security and performance enhancement service developed for Windows based on multi-platform RAV (Reliable Anti-virus) technology.,https://en.wikipedia.org/wiki/Windows_Live_OneCare,killedbymicrosoft.info
Microsoft,MSN QnA,service,2006-03-16,2009-05-21,2006,2009,day,3.2,dead,"MSN QnA (formerly Live Search QnA and Windows Live QnA) was a question and answer service, part of MSN group of services where users could ask questions, tag them according to topic, and gain points and reputation for answering other users' questions.",https://en.wikipedia.org/wiki/MSN_QnA,killedbymicrosoft.info
Microsoft,Microsoft Content Management Server,app,1997-01-01,2009-04-14,1997,2009,day,12.3,dead,"Microsoft Content Management Server was a web-based content management system to prepare and publish web-based content, originally developed by NCompass Labs Inc. and finally acquired by Microsoft in 2001.",https://en.wikipedia.org/wiki/Microsoft_Content_Management_Server,killedbymicrosoft.info
Google,Google Shared Stuff,service,2007-09-30,2009-03-30,2007,2009,day,1.5,dead,Google Shared Stuff was a web page sharing system that allowed users to bookmark pages and share them.,https://web.archive.org/web/20080904000312/https://www.google.com/s2/sharing/stuff,killedbygoogle.com
Google,Grand Central,service,2005-01-01,2009-03-11,2005,2009,day,4.2,dead,"Grand Central was a Voice over IP service that was acquired by Google, and turned into Google Voice.",https://en.wikipedia.org/wiki/Google_Voice,killedbygoogle.com
Google,Dodgeball,service,2003-06-30,2009-02-28,2003,2009,day,5.7,dead,"Dodgeball was a location-based social network where users texted their location to the service, and it notified them of friends and points of interest nearby.",https://en.wikipedia.org/wiki/Dodgeball_(service),killedbygoogle.com
Google,Google Audio Ads,service,2008-07-08,2009-02-12,2008,2009,day,0.6,dead,Google Audio Ads service allowed advertisers to run campaigns on AM/FM radio stations in the US using the AdWords interface.,http://google-tvads.blogspot.com/2009/02/google-exits-radio-but-will-explore.html,killedbygoogle.com
Microsoft,Encarta,app,1993-01-01,2009-01-01,1993,2009,day,16.0,dead,"Microsoft Encarta was a digital multimedia encyclopedia, originally sold on CD-ROM or DVD, then available on the internet via a subscription, and finally turned into free and supported by advertisements.",https://en.wikipedia.org/wiki/Encarta,killedbymicrosoft.info
Microsoft,Tafiti,service,2007-01-01,2009-01-01,2007,2009,day,2.0,dead,Tafiti was an animated search engine launched by Microsoft and TrappsInteractive to showcase the Silverlight animation and video player.,https://en.wikipedia.org/wiki/Tafiti,killedbymicrosoft.info
Microsoft,Ms. Dewey,service,2006-10-01,2009-01-01,2006,2009,day,2.3,dead,"Ms. Dewey was a web search engine based on an experimental interface, developed in Adobe Flash, for Live Search, where the eponymous Ms. Dewey, played by actress Janina Gavankar, acted as an interactive search assistant for the user's inquiries.",https://en.wikipedia.org/wiki/Ms._Dewey,killedbymicrosoft.info
Apple,Shake,software,,,2002,2009,year,7,dead,"Professional VFX compositing software used on major Hollywood films. Apple acquired it, sold it as a high-end Mac tool, then discontinued it in 2009 without a direct successor.",https://www.apple.com/newsroom/2002/07/22Apple-Announces-Shake-2-5-for-Mac-OS-X/,killedbyapple.theden.sh
Apple,Mighty Mouse,hardware,,,2005,2009,year,4,dead,"Apple's first widely sold multi-button mouse, with a tiny clickable scroll ball on top. The ball clogged easily, leaving users rolling it upside down on paper to bring it back to life.",https://www.apple.com/newsroom/2005/08/02Apple-Introduces-Mighty-Mouse/,killedbyapple.theden.sh
Apple,Wireless Mighty Mouse,hardware,,,2006,2009,year,3,dead,"The cordless version of Apple's tiny-scroll-ball mouse, built for the pre-Magic Mouse era of AA batteries and Bluetooth desktops. It only lasted three years before Apple junked the scroll ball and switched to a touch surface.",https://www.apple.com/newsroom/2006/07/25Apple-Debuts-Wireless-Mighty-Mouse/,killedbyapple.theden.sh
Apple,AppleTalk,"feature, software",,,1985,2009,year,24,dead,"The networking protocol that let any Mac on a LocalTalk cable share files and printers with zero configuration. Phased out in macOS Snow Leopard after 24 years, as Apple standardized on TCP/IP and Bonjour.",,killedbyapple.theden.sh
Google,Google Lively,service,2008-07-08,2008-12-31,2008,2008,day,0.5,dead,Google Lively was a web-based virtual environment that provided a new way to access information.,https://en.wikipedia.org/wiki/Google_Lively,killedbygoogle.com
Google,SearchMash,service,2006-10-01,2008-11-24,2006,2008,day,2.1,dead,"SearchMash was an experimental, non-branded search engine that Google used to be able to play around with new search technologies, concepts, and interfaces.",https://techcrunch.com/2008/11/24/why-did-google-discontinue-searchmash/,killedbygoogle.com
Google,Google Page Creator,service,2006-07-13,2008-08-31,2006,2008,day,2.1,dead,Google Page Creator was a website creation and hosting service that allowed users to build basic websites with no HTML knowledge.,https://en.wikipedia.org/wiki/Google_Page_Creator,killedbygoogle.com
Microsoft,MSN Music,service,2002-02-18,2008-08-31,2002,2008,day,6.5,dead,"MSN Music was a store of music, music news, music videos, spotlights on new music, artist information, and live performances of artists.",https://en.wikipedia.org/wiki/MSN_Music,killedbymicrosoft.info
Google,Send to Phone,service,2006-10-24,2008-08-28,2006,2008,day,1.8,dead,Google Send to Phone was an add-on to send links and other information from Firefox to their phone by text message.,https://en.wikipedia.org/wiki/List_of_Google_products,killedbygoogle.com
Microsoft,Onfolio,service,2004-03-15,2008-08-01,2004,2008,day,4.4,dead,Onfolio was an online research tool to collect data from the web and make annotations such as inking and text highlighting.,https://en.wikipedia.org/wiki/Windows_Live_Toolbar#Onfolio,killedbymicrosoft.info
Microsoft,Windows Live Expo,service,2006-02-28,2008-07-31,2006,2008,day,2.4,dead,"Windows Live Expo was a classified advertisements website, similar to Craigslist, with sections devoted to different topics such as jobs, housing, gigs, and résumés.",https://www.liveside.net/2008/06/04/windows-live-expo-joins-the-windows-live-deadpool/,killedbymicrosoft.info
Google,Google Browser Sync,service,2006-06-08,2008-06-30,2006,2008,day,2.1,dead,Google Browser Sync was a Firefox extension that synced information like passwords and browsing history.,https://en.wikipedia.org/wiki/Google_Browser_Sync,killedbygoogle.com
Microsoft,Live Search Academic,service,2006-04-01,2008-06-01,2006,2008,day,2.2,dead,"Live Search Academic was a web search engine for scholarly literature that existed, part of Microsoft's Live Search services.",https://en.wikipedia.org/wiki/Live_Search_Academic,killedbymicrosoft.info
Google,Hello,service,2002-08-01,2008-05-15,2002,2008,day,5.8,dead,"Hello was a service by Picasa that let users share pictures ""like you're sitting side-by-side.""",https://en.wikipedia.org/wiki/Picasa#Hello,killedbygoogle.com
Microsoft,Outlook Express,app,1996-07-13,2008-04-21,1996,2008,day,11.8,dead,"Outlook Express, formerly known as Microsoft Internet Mail and News, was an email and news client included with Internet Explorer versions 3.0 through to 6.0.",https://en.wikipedia.org/wiki/Outlook_Express,killedbymicrosoft.info
Microsoft,Classic Visual Basic,service,1991-01-01,2008-04-01,1991,2008,day,17.2,dead,Classic Visual Basic (formerly only Visual Basic) was a third-generation event-driven programming language known for its Component Object Model (COM) programming model.,https://en.wikipedia.org/wiki/Visual_Basic_(classic),killedbymicrosoft.info
Google,Google Web Accelerator,service,2005-05-04,2008-01-20,2005,2008,day,2.7,dead,Google Web Accelerator was a client-side software that increased the load speed of web pages.,https://en.wikipedia.org/wiki/Google_Web_Accelerator,killedbygoogle.com
Microsoft,Windows Messenger,app,2001-01-01,2008-01-01,2001,2008,day,7.0,dead,Windows Messenger was an instant messaging client included in Windows XP and designed for both corporate and home users.,https://en.wikipedia.org/wiki/Windows_Messenger,killedbymicrosoft.info
Microsoft,Microsoft Media Services,app,2000-02-15,2008-01-01,2000,2008,day,7.9,dead,Windows Media Services (WMS) was a streaming media server software that allows a Windows Server administrator to generate streaming media (audio/video).,https://en.wikipedia.org/wiki/Windows_Media_Services,killedbymicrosoft.info
Apple,Xserve RAID,hardware,,,2003,2008,year,5,dead,"Apple's 3U rack-mount RAID array for Xserve and pro media workflows. It offered unusually cheap high-capacity storage for its day, then disappeared as Apple backed away from enterprise storage hardware.",https://www.apple.com/newsroom/2003/02/10Apple-Introduces-Xserve-RAID-Storage-System-With-Breakthrough-Performance-and-Pricing/,killedbyapple.theden.sh
Apple,.Mac,service,,,2002,2008,year,6,dead,"The paid successor to iTools: @mac.com email, iDisk cloud storage, and online sync for $99/year. Frequently unreliable. Rebranded as the even more unreliable MobileMe.",https://www.apple.com/uk/newsroom/2002/07/17Apple-Launches-Mac/,killedbyapple.theden.sh
Google,Zeitgeist,service,2001-01-01,2007-12-31,2001,2007,day,7.0,dead,"Google Zeitgeist was a weekly, monthly, and yearly snapshot in time of what people were searching for on Google all over the world.",https://web.archive.org/web/20210312230138/https://www.lifewire.com/google-zeitgeist-3481903,killedbygoogle.com
Microsoft,NewsBot,service,2004-07-27,2007-12-21,2004,2007,day,3.4,dead,NewsBot was a search engine specialized to offer personalized news using advanced MSN Search technology.,https://news.microsoft.com/2004/07/27/read-all-about-it-msnbc-com-launches-newsbot-beta-powered-by-msn-search-technology/,killedbymicrosoft.info
Google,Google Click-to-Call,service,2004-01-01,2007-12-01,2004,2007,day,3.9,dead,Google Click-to-Call allowed a user to speak directly over the phone to businesses found in search results.,https://en.wikipedia.org/wiki/AdWords#Google_Click-to-Call,killedbygoogle.com
Google,Google Video Player,service,2006-08-22,2007-08-17,2006,2007,day,1.0,dead,The Google Video Player plays back files in Google's own Google Video File (.gvi) media format and supported playlists in 'Google Video Pointer' (.gvp) format.,https://en.wikipedia.org/wiki/Google_Video#Google_Video_Player,killedbygoogle.com
Google,Google Video Marketplace,service,2006-01-07,2007-08-11,2006,2007,day,1.6,dead,Google Video Marketplace was a service that included a store where videos could be bought and rented.,https://www.hexus.net/tech/news/software/4324-google-video-marketplace/,killedbygoogle.com
Microsoft,Microsoft Digital Image,app,1996-09-01,2007-06-15,1996,2007,day,10.8,dead,Microsoft Digital Image (formerly Picture It!) was a photo editing application designed for casual users and initially inspired to the wizard user interface concepts of Microsoft Publisher.,https://en.wikipedia.org/wiki/Microsoft_Digital_Image,killedbymicrosoft.info
Microsoft,Visual J#,app,2002-07-01,2007-05-18,2002,2007,day,4.9,dead,Visual J# was a programming language and development tooling which was meant to help Java developers move to the .NET ecosystem.,https://en.wikipedia.org/wiki/Visual_J_Sharp,killedbymicrosoft.info
Microsoft,Microsoft NetMeeting,app,1996-05-29,2007-03-22,1996,2007,day,10.8,dead,Microsoft NetMeeting was VoIP and multi-point videoconferencing client and incorporated technology acquired from Data Connection Ltd and DataBeam Corporation.,https://en.wikipedia.org/wiki/Microsoft_NetMeeting,killedbymicrosoft.info
Microsoft,DirectSound3D,service,1996-01-01,2007-01-30,1996,2007,day,11.1,dead,"DirectSound3D was an extension to DirectSound to standardize real-time 3D audio, allowing games to use a single API instead of coding for each sound card manufacturer.",https://en.wikipedia.org/wiki/DirectSound,killedbymicrosoft.info
Microsoft,Office Assistant,service,1996-01-01,2007-01-01,1996,2007,day,11.0,dead,"Office Assistant was an intelligent user interface for Microsoft Office that assisted users by way of an interactive animated character which interfaced with the Office help content. The most famous avatar was Clippit (a.k.a. Clippy), a humanized paperclip.",https://en.wikipedia.org/wiki/Office_Assistant,killedbymicrosoft.info
Microsoft,Microsoft Fingerprint Reader,hardware,2004-09-04,2007-01-01,2004,2007,day,2.3,dead,Fingerprint Reader was an USB Fingerprint reader to unlock PC and apps.,https://en.wikipedia.org/wiki/Microsoft_Fingerprint_Reader,killedbymicrosoft.info
Apple,AppleWorks,software,,,1991,2007,year,16,dead,"Apple's bundled office suite, born as ClarisWorks in 1991. For 16 years it was the word processor and spreadsheet for millions of Mac and Apple II users. Retired when iWork arrived.",https://www.apple.com/newsroom/2000/01/05Apple-Introduces-AppleWorks-6/,killedbyapple.theden.sh
Apple,Apple Pro Keyboard,hardware,,,2000,2007,year,7,dead,"Apple's full-size clear-plastic desktop keyboard with built-in USB ports, bundled across the early G4 era. It lasted until Apple went thinner, flatter, and aluminum with the 2007 Apple Keyboard.",https://www.apple.com/newsroom/2000/07/19Apple-Unveils-Optical-Mouse-and-New-Pro-Keyboard/,killedbyapple.theden.sh
Apple,iPod Hi-Fi,"hardware, ipod",,,2006,2007,year,1,dead,"Apple's $349 boombox speaker dock for the iPod, personally championed by Steve Jobs at its launch as audiophile-quality. Discontinued 18 months later as the rest of the speaker industry caught up and sold the same thing for less.",,killedbyapple.theden.sh
Apple,Classic Environment,"feature, software",,,2001,2007,year,6,dead,"The compatibility layer that let Mac OS 9 apps run inside early Mac OS X. It kept old software alive through the transition, then disappeared in Mac OS X Leopard.",,killedbyapple.theden.sh
Google,Google Answers,service,2002-04-18,2006-12-01,2002,2006,day,4.6,dead,Google Answers was an online knowledge market.,https://en.wikipedia.org/wiki/Google_Answers,killedbygoogle.com
Microsoft,Microsoft Office FrontPage,app,1995-11-01,2006-12-01,1995,2006,day,11.1,dead,Microsoft Office FrontPage was a WYSIWYG HTML editor and website administration tool for Windows.,https://en.wikipedia.org/wiki/Microsoft_FrontPage,killedbymicrosoft.info
Microsoft,MSN Chat,service,1999-01-01,2006-10-16,1999,2006,day,7.8,dead,"MSN Chat was the Microsoft Network version of IRCX (Internet Relay Chat extensions), which replaced Microsoft Chat.",https://en.wikipedia.org/wiki/MSN_Chat,killedbymicrosoft.info
Google,Writely,service,2005-08-01,2006-10-10,2005,2006,day,1.2,dead,Writely was a Web-based word processor.,https://en.wikipedia.org/wiki/Writely,killedbygoogle.com
Google,Google Public Service Search,service,2002-01-01,2006-09-15,2002,2006,day,4.7,dead,"Google Public Service Search provided governmental, non-profit and academic organizational search results without ads.",https://webmasters.googleblog.com/2006/09/for-those-wondering-about-public.html,killedbygoogle.com
Google,Google Deskbar,service,2003-11-10,2006-05-08,2003,2006,day,2.5,dead,Google Deskbar was a small inset window on the Windows toolbar and allowed users to perform searches without leaving the desktop.,https://web.archive.org/web/20210225060348/https://www.computerweekly.com/news/2240053391/Google-launches-Deskbar-software,killedbygoogle.com
Microsoft,Microsoft Visual SourceSafe,app,1994-01-01,2006-01-27,1994,2006,day,12.1,dead,"Microsoft Visual SourceSafe (VSS) was a source control program oriented towards small software development projects, originally created by One Tree Software prior to Microsoft acquisition in 1994.",https://en.wikipedia.org/wiki/Microsoft_Visual_SourceSafe,killedbymicrosoft.info
Microsoft,Microsoft Photo Story,app,2002-01-01,2006-01-01,2002,2006,day,4.0,dead,Microsoft Photo Story was a free application that allows users to create a visual story (show and tell presentation) from their digital photos.,https://en.wikipedia.org/wiki/Photo_Story,killedbymicrosoft.info
Apple,Apple Wireless Mouse,hardware,,,2003,2006,year,3,dead,"Apple's first Bluetooth mouse, launched alongside the first Apple Wireless Keyboard to cut cable clutter from Mac desks. It lasted until Apple replaced it with the more capable Wireless Mighty Mouse.",https://www.apple.com/newsroom/2003/09/16Apple-Introduces-Wireless-Keyboard-Mouse/,killedbyapple.theden.sh
Apple,eMac,"mac, hardware",,,2002,2006,year,4,dead,"An education-focused all-in-one Mac built around a 17-inch CRT. Initially sold only to schools, briefly offered to consumers, then returned to education before being discontinued in 2006.",https://www.apple.com/newsroom/2002/04/29Apple-Unveils-New-eMac-for-Education/,killedbyapple.theden.sh
Apple,iSight,hardware,,,2003,2006,year,3,dead,"Apple's sleek external FireWire webcam: aluminum, cylindrical, and perfectly designed. Discontinued once Apple started building cameras into iMacs, MacBooks, and displays.",https://www.apple.com/newsroom/2003/06/23Apple-Introduces-iChat-AV-and-iSight/,killedbyapple.theden.sh
Apple,iMac G5,"mac, hardware",,,2004,2006,year,2,dead,The flat-panel all-in-one that hid the whole computer behind the screen and paved the way for every modern iMac. It barely had time to settle in before Apple switched the line to Intel.,https://www.apple.com/newsroom/2004/08/31Apple-Unveils-the-New-iMac-G5/,killedbyapple.theden.sh
Apple,iBook,"mac, hardware",,,1999,2006,year,7,dead,"Apple's consumer laptop line, born as the colorful G3 clamshell in tangerine and blueberry and later refined into the white iBook. Retired when Apple switched to Intel and replaced it with the MacBook.",https://www.apple.com/newsroom/2000/01/25PC-Data-Ranks-iBook-Number-One-Portable-in-U-S/,killedbyapple.theden.sh
Apple,Power Mac G5,"mac, hardware",,,2003,2006,year,3,dead,"Apple's aluminum tower with a perforated cheese-grater face, promoted as the world's fastest personal computer. Steve Jobs promised 3GHz within a year. It never came, and Apple jumped to Intel two years later.",https://www.apple.com/newsroom/2003/06/23Apple-Unleashes-the-Worlds-Fastest-Personal-Computer-the-Power-Mac-G5/,killedbyapple.theden.sh
Apple,PowerBook,"mac, hardware",,,1991,2006,year,15,dead,"Apple's professional laptop line for 15 years, evolving from the chunky 100 series to the titanium and aluminum G4. Retired when Apple switched to Intel and rebranded the line as MacBook Pro.",https://www.apple.com/newsroom/2001/01/09Apple-Unveils-One-Inch-Thick-Titanium-PowerBook-G4/,killedbyapple.theden.sh
Microsoft,Microsoft Plus!,app,1994-01-31,2005-01-01,1994,2005,day,10.9,dead,"Microsoft Plus! was a commercial enhancement for Windows which included a variety of software such as screensavers, themes, games, and multimedia applications.",https://en.wikipedia.org/wiki/Microsoft_Plus!,killedbymicrosoft.info
Apple,iPod mini,"hardware, ipod",,,2004,2005,year,1,dead,"The colorful, compact iPod that made portable music fashionable. It quickly became a hit, then was discontinued to make way for the even thinner iPod nano.",https://www.apple.com/newsroom/2004/01/06Apple-Introduces-iPod-mini/,killedbyapple.theden.sh
Apple,Soundtrack,software,,,2003,2005,year,2,dead,"Apple's loop-based royalty-free music tool for video editors, DVD authors, and web developers. It was later reinvented as the more ambitious Soundtrack Pro and disappeared as its own product.",https://www.apple.com/newsroom/2003/07/16Apple-Introduces-Soundtrack-as-Standalone-Product/,killedbyapple.theden.sh
Apple,Production Suite,software,,,2004,2005,year,1,dead,"Apple's short-lived pre-Final Cut Studio bundle, combining Final Cut Pro HD, Motion, and DVD Studio Pro into a single pro-video suite. It was a transitional product and lasted less than a year.",https://www.apple.com/newsroom/2004/08/10Apple-Introduces-Production-Suite/,killedbyapple.theden.sh
Apple,Apple Pro Mouse,hardware,,,2000,2005,year,5,dead,"Apple's first optical mouse, shipped in translucent clear plastic after the hockey puck debacle. Cleaner, saner, and still stubbornly one-button until Mighty Mouse finally gave Apple users scrolling and right-click.",https://www.apple.com/newsroom/2000/07/19Apple-Unveils-Optical-Mouse-and-New-Pro-Keyboard/,killedbyapple.theden.sh
Apple,Sherlock,software,,,1998,2005,year,7,dead,"The system search tool in Mac OS that hunted across local files, the web, and online databases. Replaced by Spotlight in 2005 and remembered as the origin of 'sherlocked', the verb for when Apple kills a third-party app by building its features in.",https://www.apple.com/la/newsroom/1999/10/05Apple-Announces-Mac-OS-9/,killedbyapple.theden.sh
Microsoft,Microsoft PhotoDraw 2000,app,1999-01-01,2004-06-30,1999,2004,day,5.5,dead,Microsoft PhotoDraw 2000 was a vector graphics and raster imaging software.,https://en.wikipedia.org/wiki/Microsoft_PhotoDraw,killedbymicrosoft.info
Microsoft,Microsoft bCentral,service,1999-09-01,2004-06-01,1999,2004,day,4.8,dead,"Microsoft bCentral was a service for small businesses to easily establish an online presence with integrated suite of services for site creation and hosting, web communications, and online marketing.",https://news.microsoft.com/2000/09/21/microsoft-launches-bcentral-business-web-services/,killedbymicrosoft.info
Microsoft,Microsoft Broadband Networking,hardware,2002-09-01,2004-05-01,2002,2004,day,1.7,dead,Microsoft Broadband Networking was a series of computer networking hardware products ranging from Wi-Fi routers to network cards.,https://en.wikipedia.org/wiki/Microsoft_Broadband_Networking,killedbymicrosoft.info
Microsoft,Visual J++,app,1996-12-01,2004-01-02,1996,2004,day,7.1,dead,"Visual J++ (pronounced ""Jay Plus Plus"") was a Microsoft's implementation of Java which ran only on MSJVM, the proprietary JVM.",https://en.wikipedia.org/wiki/Visual_J%2B%2B,killedbymicrosoft.info
Apple,HyperCard,software,,,1987,2004,year,17,dead,"A revolutionary hypermedia and scripting environment that predated and inspired the World Wide Web. Quietly abandoned, then left to wither for a decade before being killed entirely.",,killedbyapple.theden.sh
Apple,Apple Studio Display,hardware,,,1998,2004,year,6,dead,"Apple's CRT and flat-panel monitor line from the translucent late-90s and early-2000s era. It carried Apple from VGA and ADC into the LCD age, then disappeared when the company consolidated its displays around the aluminum DVI Cinema lineup.",https://support.apple.com/en-us/112282,killedbyapple.theden.sh
Apple,Apple Display Connector,"feature, hardware",,,2000,2004,year,4,dead,"Apple's one-cable display connector that combined power, USB, and video for flat-panel Macs. Elegant and very Apple, but proprietary enough that it was swept away when Apple moved its displays to industry-standard DVI.",https://www.apple.com/newsroom/2000/07/19Apple-Unveils-All-New-Family-of-Displays-to-Complement-Power-Mac-G4-Cube-and-Power-Mac-G4/,killedbyapple.theden.sh
Apple,iMac G4,"mac, hardware",,,2002,2004,year,2,dead,"The sunflower iMac, with a flat-panel display floating on a chrome arm above a hemispherical dome. Beloved by designers and discontinued when Apple moved toward putting the whole computer behind the screen.",https://www.apple.com/newsroom/2002/01/07Apple-Unveils-the-New-iMac/,killedbyapple.theden.sh
Microsoft,Microsoft Photo Editor,app,1996-11-19,2003-08-19,1996,2003,day,6.7,dead,"Microsoft Photo Editor was a raster graphics editor component of Microsoft Office first included with Microsoft Office 97 that provided editing tools to texturize, create negatives, adjust gamma, and add transparency to GIF images.",https://en.wikipedia.org/wiki/Microsoft_Photo_Editor,killedbymicrosoft.info
Microsoft,ILoo,hardware,2003-04-30,2003-05-13,2003,2003,day,0.0,dead,iLoo was a smart portable toilet integrating the complete equipment to surf the Internet from inside and outside the cabinet.,https://en.wikipedia.org/wiki/ILoo,killedbymicrosoft.info
Microsoft,Kakuto Chojin,app,2002-11-11,2003-02-01,2002,2003,day,0.2,dead,"Kakuto Chojin: Back Alley Brutal was a fighting game for the Xbox gaming console, retired after few months because its controversial content.",https://en.wikipedia.org/wiki/Kakuto_Chojin:_Back_Alley_Brutal,killedbymicrosoft.info
Apple,Cinema Tools,software,,,2002,2003,year,1,dead,"Apple's film-editing companion for Final Cut Pro, built for cut lists, change lists, and 24 fps workflows. It lasted barely a year as a standalone app before Apple folded it into Final Cut Pro 4.",https://www.apple.com/newsroom/2002/04/05Apple-Announces-Cinema-Tools-for-Final-Cut-Pro/,killedbyapple.theden.sh
Apple,AirPort Base Station (Dual Ethernet),hardware,,,2001,2003,year,2,dead,"Apple's second-generation flying-saucer Wi-Fi base station, with built-in firewall, dual Ethernet ports, and AOL support. It vanished when Apple jumped to 802.11g and renamed the line AirPort Extreme.",https://www.apple.com/newsroom/2001/11/13Apple-Announces-Second-Generation-AirPort-Wireless-Networking/,killedbyapple.theden.sh
Apple,AirPort Card,hardware,,,1999,2003,year,4,dead,"Apple's original 802.11b wireless card for the iBook and other AirPort-ready Macs. It helped drag Wi-Fi into the mainstream, then gave way to the smaller, faster AirPort Extreme Card with 802.11g.",https://www.apple.com/newsroom/2000/01/25PC-Data-Ranks-iBook-Number-One-Portable-in-U-S/,killedbyapple.theden.sh
Apple,iMac G3,"mac, hardware",,,1998,2003,year,5,dead,"The translucent Bondi Blue all-in-one that helped pull Apple back from the brink. Designed under Jony Ive, later offered in fruity colors, and proof that Apple could still ship something the world wanted.",https://www.apple.com/ca/fr/press/1998/05/iMac.html,killedbyapple.theden.sh
Apple,Power Mac G4,"mac, hardware",,,1999,2003,year,4,dead,"Apple's pro tower line through the early Mac OS X years, spanning Graphite, Quicksilver, Mirrored Drive Doors, and the first mass-market dual-processor Macs. It defined the classic expandable Power Mac before the G5 made everything larger, louder, and 64-bit.",https://support.apple.com/en-us/112296,killedbyapple.theden.sh
Microsoft,Microsoft Data Analyzer,app,2001-11-01,2002-12-31,2001,2002,day,1.2,dead,"Microsoft Data Analyzer was a program to analyze and visualize data and data trends, and was integrated with SQL Server Analysis Services.",https://en.wikipedia.org/wiki/Microsoft_Office_shared_tools#Data_Analyzer,killedbymicrosoft.info
Microsoft,Myth: The Fallen Lords,service,1997-11-07,2002-02-01,1997,2002,day,4.2,dead,Myth: The Fallen Lords was a real-time tactics video game developed originally by Bungie until Microsoft bought and discontinued it to let the developers focus on Halo.,https://en.wikipedia.org/wiki/Myth:_The_Fallen_Lords,killedbymicrosoft.info
Microsoft,Active Server Pages (ASP),app,1996-12-01,2002-01-16,1996,2002,day,5.1,dead,"Active Server Pages (ASP) was the Microsoft's first server-side scripting language and engine for dynamic web pages, and it was the predecessor of ASP.NET.",https://en.wikipedia.org/wiki/Active_Server_Pages,killedbymicrosoft.info
Apple,iTools,service,,,2000,2002,year,2,dead,"Apple's first internet services bundle, offering a free @mac.com email address and iDisk cloud storage. Replaced by the paid .Mac subscription service.",https://www.apple.com/newsroom/2000/01/05Apple-Unveils-Internet-Strategy/,killedbyapple.theden.sh
Apple,Macintosh Server G4,"mac, hardware",,,2001,2002,year,1,dead,"Apple's pre-Xserve tower server, essentially a Power Mac G4 sold with AppleShare IP or Mac OS X Server for schools and workgroups. It was Apple's last server before the company finally built a proper rackmount machine.",https://www.apple.com/newsroom/2001/05/21Apple-Introduces-Mac-OS-X-Server/,killedbyapple.theden.sh
Apple,Mac OS 9,software,,,1999,2002,year,3,dead,"The final version of the classic Mac OS, foundation of Apple computing for 18 years. Steve Jobs literally held a funeral for it on stage at WWDC 2002, complete with eulogy, organ music, and an open coffin.",https://www.apple.com/la/newsroom/1999/10/05Apple-Announces-Mac-OS-9/,killedbyapple.theden.sh
Microsoft,Microsoft BackOffice Server,service,1994-10-01,2001-10-01,1994,2001,day,7.0,dead,Microsoft BackOffice Server was a computer software package featuring Windows NT Server and other Microsoft server products that ran on NT Server.,https://en.wikipedia.org/wiki/Microsoft_BackOffice_Server,killedbymicrosoft.info
Microsoft,Microsoft Java Virtual Machine,service,1997-01-01,2001-01-01,1997,2001,day,4.0,dead,Microsoft Java Virtual Machine (MSJVM) was a proprietary Java virtual machine.,https://en.wikipedia.org/wiki/Microsoft_Java_Virtual_Machine,killedbymicrosoft.info
Apple,AirPort Base Station (Graphite),hardware,,,1999,2001,year,2,dead,"The original flying-saucer Wi-Fi base station Apple launched with the iBook, complete with a built-in 56K modem and 10BASE-T Ethernet. It helped kick-start mainstream Wi-Fi before Apple replaced it with a more capable second-generation model.",https://www.apple.com/ca/fr/press/1999/07/airport.html,killedbyapple.theden.sh
Apple,Power Mac G4 Cube,"mac, hardware",,,2000,2001,year,1,dead,"A fanless, silent 8-inch cube of a Mac and a genuine design triumph. But at $1,799, with limited expandability and cheaper Power Mac G4 towers nearby, it was a commercial failure.",https://www.apple.com/newsroom/2000/07/19Apple-Introduces-Revolutionary/,killedbyapple.theden.sh
Microsoft,Microsoft Vizact,app,1999-05-26,2000-04-01,1999,2000,day,0.9,dead,Microsoft Vizact was a program that allowed creation of interactive documents using HTML+TIME (Timed Interactive Multimedia Extensions).,https://en.wikipedia.org/wiki/Microsoft_Vizact,killedbymicrosoft.info
Microsoft,Microsoft Liquid Motion,app,1998-01-01,2000-01-01,1998,2000,day,2.0,dead,Microsoft Liquid Motion was an application to create Java animations to compete with Macromedia Flash.,https://en.wikipedia.org/wiki/Microsoft_Liquid_Motion,killedbymicrosoft.info
Microsoft,Digital Sound System 80,hardware,1998-01-01,2000-01-01,1998,2000,day,2.0,dead,The Digital Sound System 80 (DSS80) was a three-piece PC audio system co-developed with Philips.,https://en.wikipedia.org/wiki/Digital_Sound_System_80,killedbymicrosoft.info
Microsoft,DriveSpace,service,1993-01-01,2000-01-01,1993,2000,day,7.0,dead,DriveSpace (initially known as DoubleSpace) was an OS service to increase the amount of data the user could store on disks by transparently compressing and decompressing data on-the-fly.,https://en.wikipedia.org/wiki/DriveSpace,killedbymicrosoft.info
Microsoft,QBasic,app,1991-01-01,2000-01-01,1991,2000,day,9.0,dead,QBasic was an integrated development environment and interpreter for a variety of dialects of BASIC which are based on QuickBASIC.,https://en.wikipedia.org/wiki/QBasic,killedbymicrosoft.info
Microsoft,ActiMates,hardware,1997-09-01,2000-01-01,1997,2000,day,2.3,dead,ActiMates was a family of interactive stuffed toys which can interact with many episodes of their respective TV shows or on special ActiMates-compatible VHSes and special PC games.,https://en.wikipedia.org/wiki/ActiMates,killedbymicrosoft.info
Apple,Hockey Puck Mouse,hardware,,,1998,2000,year,2,dead,The round USB mouse that shipped with the original iMac G3. Impossible to orient by feel and hated by every reviewer who touched it. Replaced within two years by the Apple Pro Mouse and remembered as a cautionary tale in industrial design.,https://www.apple.com/ca/fr/press/1998/05/iMac.html,killedbyapple.theden.sh
Microsoft,Microsoft Comic Chat,app,1996-08-13,1999-03-01,1996,1999,day,2.5,dead,Microsoft Comic Chat (later Microsoft Chat) was a graphical IRC client.,https://en.wikipedia.org/wiki/Microsoft_Comic_Chat,killedbymicrosoft.info
Microsoft,Microsoft Cordless Phone System,hardware,1998-01-01,1999-01-01,1998,1999,day,1.0,dead,The Microsoft Cordless Phone System (also known as PC Phone System MP-900) was a cordless telephone featuring personal computer integration and it was the first Microsoft's first telephone of any kind.,https://en.wikipedia.org/wiki/Microsoft_Cordless_Phone_System,killedbymicrosoft.info
Microsoft,Take Control TC1000,hardware,1998-01-01,1999-01-01,1998,1999,day,1.0,dead,Harman/Kardon Take Control TC1000 was an IR remote control designed in conjunction with Microsoft equipped with a LCD touchscreen to control any device and customizable via a desktop application.,https://www.remotecentral.com/take/index.html,killedbymicrosoft.info
Apple,Power Macintosh G3,"mac, hardware",,,1997,1999,year,2,dead,"Apple's first G3 desktop line, spanning the beige minitowers and the later blue-and-white tower that dragged the pro Mac into the USB era. It briefly gave Apple a speed story again, then vanished when the G4 arrived with faster graphics and a louder marketing machine.",https://support.apple.com/en-us/112279,killedbyapple.theden.sh
Apple,Newton MessagePad,hardware,,,1993,1998,year,5,dead,"Apple's pioneering PDA, famous for ambitious handwriting recognition that became a punchline. Steve Jobs canceled the Newton platform in 1998 after returning to Apple.",,killedbyapple.theden.sh
Apple,eMate 300,hardware,,,1997,1998,year,1,dead,"A Newton-powered clamshell laptop built for students, with an integrated keyboard and weeks of battery life. Killed alongside the Newton when Steve Jobs returned.",,killedbyapple.theden.sh
Microsoft,Microsoft Cinemania,app,1992-01-01,1997-01-01,1992,1997,day,5.0,dead,"Microsoft Cinemania was an application distributed on CD-ROMs that shown information about films such as images, sound clips, dialogues, sound tracks and some full motion video clips.",https://en.wikipedia.org/wiki/Microsoft_Cinemania,killedbymicrosoft.info
Microsoft,Creative Writer,app,1993-12-07,1997-01-01,1993,1997,day,3.1,dead,Creative Writer was a word processor designed for children.,https://en.wikipedia.org/wiki/Creative_Writer,killedbymicrosoft.info
Microsoft,Microsoft GIF Animator,app,1996-01-01,1997-01-01,1996,1997,day,1.0,dead,Microsoft GIF Animator was a computer software program to create simple animated GIFs.,https://en.wikipedia.org/wiki/Microsoft_GIF_Animator,killedbymicrosoft.info
Apple,Apple QuickTake,hardware,,,1994,1997,year,3,dead,"One of the first consumer digital cameras, made by Fujifilm and sold under Apple's name. Steve Jobs killed the entire product line within weeks of returning to Apple.",,killedbyapple.theden.sh
Apple,Pippin,hardware,,,1996,1997,year,1,dead,"Apple's multimedia gaming platform co-developed with Bandai. It sold only about 42,000 units worldwide and cost nearly $600 at launch. An ambitious experiment in all the wrong directions.",,killedbyapple.theden.sh
Apple,OpenDoc,software,,,1992,1997,year,5,dead,"Apple's ambitious component-based document framework, designed to replace monolithic apps with modular parts. Steve Jobs killed it soon after returning to Apple in 1997, calling it a distraction.",,killedbyapple.theden.sh
Apple,Cyberdog,software,,,1996,1997,year,1,dead,"Apple's OpenDoc-based internet suite with a web browser, email, news, FTP, and address book components. When OpenDoc was killed, Cyberdog was abandoned with it.",,killedbyapple.theden.sh
Apple,Apple Network Server,hardware,,,1996,1997,year,1,dead,"A short-lived PowerPC server line that did not even run Mac OS, shipping instead with IBM AIX. Expensive, strange, and canceled during Apple's 1997 product purge.",,killedbyapple.theden.sh
Apple,LaserWriter line,hardware,,,1985,1997,year,12,dead,"Apple's PostScript laser printer family, a key piece of the desktop publishing revolution. Once essential to the Mac ecosystem, it was killed when Steve Jobs cut non-core peripherals.",,killedbyapple.theden.sh
Microsoft,Microsoft Anti-Virus for Windows,app,1993-03-30,1996-06-01,1993,1996,day,3.2,dead,"Microsoft Anti-Virus (MSAV) was an antivirus program introduced for MS-DOS operating system, finally acquired and dismissed by Symantec.",https://en.wikipedia.org/wiki/MSAV,killedbymicrosoft.info
Microsoft,Microsoft Bob,service,1995-03-10,1996-01-01,1995,1996,day,0.8,dead,"Microsoft Bob was a user-friendly interface for the Windows 3.1x, Windows 95 and Windows NT operating systems.",https://en.wikipedia.org/wiki/Microsoft_Bob,killedbymicrosoft.info
Microsoft,3D Movie Maker,app,1995-01-01,1996-01-01,1995,1996,day,1.0,dead,"3D Movie Maker (3DMM) was a children's computer program to make films by placing 3D characters and props into pre-rendered environments, as well as adding actions, sound effects, music, text, speech and special effects.",https://en.wikipedia.org/wiki/3D_Movie_Maker,killedbymicrosoft.info
Apple,eWorld,service,,,1994,1996,year,2,dead,"Apple's cheerful AOL rival, built around a cartoon town of email, forums, news, and downloads. It was Mac-only, expensive, barely marketed, and shut down with only a fraction of AOL's audience.",,killedbyapple.theden.sh
Apple,A/UX,software,,,1988,1995,year,7,dead,"Apple's first official Unix operating system, blending UNIX System V with a familiar Macintosh interface. It gave Apple a credible enterprise Unix story years before Mac OS X, then vanished without a successor.",,killedbyapple.theden.sh
Apple,Macintosh TV,"mac, hardware, tv",,,1993,1994,year,1,dead,"A Mac LC 520 in a black case with a built-in TV tuner, and Apple's first attempt at merging computing and television. Only 10,000 units were ever made and it was never sold outside the US.",,killedbyapple.theden.sh
Apple,Apple II line,hardware,,,1977,1993,year,16,dead,"The 8-bit computer family that made Apple a real company and dominated classrooms for years. It outlived the Apple III, Lisa, and many early Macs before Apple finally ended the line in 1993.",,killedbyapple.theden.sh
Microsoft,Xenix,os,1980-01-01,1989-01-01,1980,1989,day,9.0,dead,"Xenix was a version of the Unix operating system for various microcomputer platforms, licensed by Microsoft from AT&T Corporation in the late 1970s that reached the largest market share among Unix OSs in mid '80s.",https://en.wikipedia.org/wiki/Xenix,killedbymicrosoft.info
Apple,Apple Lisa,hardware,,,1983,1986,year,3,dead,"Apple's first GUI-based business computer at $9,995. Technically remarkable, commercially ruinous, and quickly outclassed and outpriced by the Macintosh.",,killedbyapple.theden.sh
Apple,Apple III,hardware,,,1980,1984,year,4,dead,"Apple's business computer, plagued by overheating and reliability problems after Apple chose silence over a cooling fan. The redesigned Apple III Plus arrived too late to save the line.",,killedbyapple.theden.sh
